ID,site,width,length,l_w_index,area,percent_area,contour_length,area_contour_ratio,upper_to_lower_ratio,left_to_right_ratio,tip_angle,MP_CM_x_offset,MP_CM_y_offset,typology,reference,ka_cal_BP,region,filter
AggsbachB_01_01,AggsbachB,8.7,32.9,3.79,216.4,74.0,78,277.4,1.6,1.6,57.9,0.2,-0.5,Flechette,"Otte, 1981",30.0,Lower Austria,1
AggsbachB_01_02,AggsbachB,8.2,56.8,6.92,386.4,81.0,132,292.7,0.3,1.5,71.6,0.1,0.1,Gravette_point,"Otte, 1981",30.0,Lower Austria,1
AggsbachB_01_03,AggsbachB,5.9,27.5,4.63,129.4,81.0,67,193.1,2.1,1.0,48.3,0.1,-0.7,Flechette,"Otte, 1981",30.0,Lower Austria,1
AggsbachB_01_04,AggsbachB,7.6,31.9,4.17,194.0,77.0,76,255.2,1.8,1.1,55.6,0.1,-0.5,Flechette,"Otte, 1981",30.0,Lower Austria,0
AggsbachB_01_05,AggsbachB,5.3,27.5,5.21,109.8,75.0,60,183.1,2.4,1.2,38.9,0.2,-0.6,Flechette,"Otte, 1981",30.0,Lower Austria,1
AggsbachB_01_06,AggsbachB,6.7,35.4,5.28,184.5,77.0,82,225.0,1.2,1.6,51.7,0.1,-0.5,Flechette,"Otte, 1981",30.0,Lower Austria,0
AggsbachB_01_07,AggsbachB,6.4,31.7,4.94,163.3,80.0,75,217.8,1.3,1.6,57.5,0.1,-0.2,Flechette,"Otte, 1981",30.0,Lower Austria,0
AggsbachB_01_08,AggsbachB,6.1,26.2,4.28,123.5,76.0,62,199.1,1.9,1.5,49.8,0.1,-0.5,Flechette,"Otte, 1981",30.0,Lower Austria,1
AggsbachB_01_09,AggsbachB,7.3,37.4,5.14,224.5,77.0,86,261.0,3.0,1.0,41.4,0.3,-1.2,Flechette,"Otte, 1981",30.0,Lower Austria,1
AggsbachB_01_10,AggsbachB,6.6,39.7,6.01,214.0,84.0,93,230.1,0.9,1.0,53.5,0.1,0.1,Flechette,"Otte, 1981",30.0,Lower Austria,0
AggsbachB_01_11,AggsbachB,8.0,26.9,3.35,158.8,72.0,64,248.2,1.1,1.9,74.2,0.5,-0.1,Flechette,"Otte, 1981",30.0,Lower Austria,1
AggsbachB_01_12,AggsbachB,7.4,32.5,4.41,174.3,71.0,73,238.8,0.6,1.4,61.6,0.0,0.1,Flechette,"Otte, 1981",30.0,Lower Austria,1
AggsbachB_01_13,AggsbachB,8.3,38.0,4.58,231.1,78.0,93,248.5,2.1,3.2,43.6,0.0,-1.3,Flechette,"Otte, 1981",30.0,Lower Austria,0
AggsbachB_01_14,AggsbachB,8.4,37.7,4.49,251.3,82.0,94,267.3,1.4,1.1,43.0,0.1,-1.9,Flechette,"Otte, 1981",30.0,Lower Austria,1
AggsbachB_01_15,AggsbachB,10.3,31.8,3.09,229.6,69.0,78,294.4,2.3,1.1,47.4,0.3,-1.9,Flechette,"Otte, 1981",30.0,Lower Austria,0
AggsbachB_01_16,AggsbachB,6.8,30.7,4.51,157.1,74.0,72,218.2,4.3,1.2,38.2,0.4,-1.1,Flechette,"Otte, 1981",30.0,Lower Austria,0
AggsbachB_01_17,AggsbachB,9.8,37.0,3.77,257.9,69.0,85,303.4,2.9,1.0,41.8,0.0,-1.6,Flechette,"Otte, 1981",30.0,Lower Austria,1
AggsbachB_01_18,AggsbachB,9.7,50.7,5.21,368.8,77.0,121,304.8,5.7,1.1,30.0,0.1,-2.9,Flechette,"Otte, 1981",30.0,Lower Austria,1
AggsbachB_01_19,AggsbachB,7.5,35.4,4.75,220.5,84.0,84,262.5,0.8,1.5,73.7,0.2,0.0,Flechette,"Otte, 1981",30.0,Lower Austria,1
AggsbachB_01_20,AggsbachB,8.1,32.5,4.01,201.0,75.0,77,261.1,1.8,1.0,53.1,-0.1,-0.9,Flechette,"Otte, 1981",30.0,Lower Austria,1
BorsiceChrastka_01_01,BorsiceChrastka,20.8,74.1,3.56,1256.3,67.0,182,690.3,0.8,0.4,77.0,-0.8,0.3,Gravette_point,"Klíma, 1963",30.4,Moravia,0
BorsiceChrastka_01_02,BorsiceChrastka,20.8,66.1,3.18,982.9,71.0,168,585.1,0.5,3.7,64.3,1.4,0.2,Gravette_point,"Klíma, 1963",30.4,Moravia,0
DolniVestonice1_01_01,DolniVestonice1,16.8,58.3,3.47,683.5,67.0,138,495.3,3.6,1.5,39.6,0.8,-4.4,Gravette_point,"Klíma, 1963",30.4,Moravia,0
DolniVestonice1_01_02,DolniVestonice1,11.2,34.2,3.05,268.7,68.0,82,327.7,2.9,0.7,41.4,-0.5,-2.7,Gravette_point,"Klíma, 1963",30.4,Moravia,1
DolniVestonice1_01_03,DolniVestonice1,9.7,36.1,3.72,269.3,74.0,87,309.6,2.1,0.2,43.6,-0.5,-2.1,Gravette_point,"Klíma, 1963",30.4,Moravia,1
DolniVestonice1_01_04,DolniVestonice1,9.7,40.8,4.2,292.8,73.0,93,314.8,1.1,1.9,49.3,0.2,-1.2,Gravette_point,"Klíma, 1963",30.4,Moravia,1
DolniVestonice1_01_05,DolniVestonice1,7.9,29.2,3.71,172.4,74.0,72,239.5,1.1,0.2,43.9,-0.8,-1.5,Gravette_point,"Klíma, 1963",30.4,Moravia,1
DolniVestonice1_01_06,DolniVestonice1,13.8,58.5,4.24,614.0,73.0,134,458.2,0.9,1.1,53.0,-0.2,-1.8,Gravette_point,"Klíma, 1963",30.4,Moravia,1
DolniVestonice1_01_07,DolniVestonice1,14.5,70.6,4.85,779.8,76.0,160,487.4,2.1,1.0,36.3,-0.3,-3.5,Gravette_point,"Klíma, 1963",30.4,Moravia,1
DolniVestonice1_01_08,DolniVestonice1,8.3,41.5,4.98,257.3,72.0,93,276.7,1.8,1.1,37.6,0.2,-2.3,Gravette_point,"Klíma, 1963",30.4,Moravia,1
DolniVestonice1_01_09,DolniVestonice1,12.3,56.8,4.63,566.7,75.0,131,432.6,1.2,0.9,48.5,-0.2,-2.0,Gravette_point,"Klíma, 1963",30.4,Moravia,1
DolniVestonice1_01_10,DolniVestonice1,12.6,70.0,5.57,711.5,78.0,165,431.2,2.8,1.1,35.8,-0.2,-3.6,Gravette_point,"Klíma, 1963",30.4,Moravia,1
DolniVestonice1_01_11,DolniVestonice1,14.5,49.1,3.38,522.0,71.0,118,442.3,1.5,1.2,54.0,0.2,-2.1,Gravette_point,"Klíma, 1963",30.4,Moravia,1
DolniVestonice1_01_12,DolniVestonice1,13.5,71.1,5.27,712.9,73.0,158,451.2,1.2,0.9,36.2,0.0,-3.2,Abri_Audi_knife,"Klíma, 1963",30.4,Moravia,1
DolniVestonice1_01_13,DolniVestonice1,11.7,45.8,3.92,397.5,74.0,108,368.0,1.3,1.1,45.0,0.3,-2.4,Abri_Audi_knife,"Klíma, 1963",30.4,Moravia,1
DolniVestonice1_02_01,DolniVestonice1,34.4,65.4,1.9,1693.2,76.0,174,973.1,1.4,0.5,82.1,-0.9,-2.6,Abri_Audi_knife,"Klíma, 1963",30.4,Moravia,0
DolniVestonice1_02_02,DolniVestonice1,37.1,62.4,1.68,1584.6,67.0,170,932.1,2.5,1.5,76.8,1.3,-3.1,Abri_Audi_knife,"Klíma, 1963",30.4,Moravia,0
DolniVestonice1_02_03,DolniVestonice1,24.9,50.6,2.03,954.1,75.0,133,717.3,1.4,0.6,80.5,-0.6,-1.9,Abri_Audi_knife,"Klíma, 1963",30.4,Moravia,0
DolniVestonice1_02_04,DolniVestonice1,41.0,56.3,1.37,1562.5,66.0,164,952.7,1.4,1.1,81.2,0.1,-3.3,Abri_Audi_knife,"Klíma, 1963",30.4,Moravia,0
DolniVestonice1_02_05,DolniVestonice1,39.3,59.1,1.51,1511.7,65.0,163,927.4,1.6,1.1,72.8,0.9,-3.9,Abri_Audi_knife,"Klíma, 1963",30.4,Moravia,0
DolniVestonice1_02_06,DolniVestonice1,27.0,57.0,2.11,1108.5,66.0,151,734.1,1.3,1.1,68.4,0.6,-3.0,Abri_Audi_knife,"Klíma, 1963",30.4,Moravia,0
DolniVestonice1_02_07,DolniVestonice1,41.0,85.7,2.09,2354.3,64.0,222,1060.5,1.7,1.1,51.6,-2.0,-5.1,Abri_Audi_knife,"Klíma, 1963",30.4,Moravia,0
DolniVestonice1_02_08,DolniVestonice1,32.4,107.6,3.32,2857.6,79.0,259,1103.3,0.4,0.7,90.4,0.6,-0.7,Chatelperron_point,"Klíma, 1963",30.4,Moravia,0
DolniVestonice1_02_09,DolniVestonice1,22.6,47.3,2.09,757.5,68.0,124,610.9,1.9,1.0,68.9,-0.6,-2.1,Chatelperron_point,"Klíma, 1963",30.4,Moravia,0
DolniVestonice1_03_01,DolniVestonice1,15.1,47.4,3.14,521.5,67.0,113,461.5,1.6,1.4,55.9,0.4,-1.8,Chatelperron_point,"Klíma, 1963",30.4,Moravia,0
DolniVestonice1_03_02,DolniVestonice1,15.3,39.5,2.59,444.1,69.0,99,448.6,1.0,0.6,68.8,-0.4,-1.8,Chatelperron_point,"Klíma, 1963",30.4,Moravia,0
DolniVestonice1_03_03,DolniVestonice1,26.0,51.6,1.99,858.3,63.0,133,645.4,1.7,1.0,62.7,-0.2,-2.8,Chatelperron_point,"Klíma, 1963",30.4,Moravia,0
DolniVestonice1_03_04,DolniVestonice1,23.7,48.2,2.04,797.0,68.0,128,622.6,1.3,1.0,77.4,-0.2,-1.4,Chatelperron_point,"Klíma, 1963",30.4,Moravia,0
DolniVestonice1_03_05,DolniVestonice1,17.7,51.4,2.9,668.2,72.0,125,534.5,1.0,1.3,61.5,0.7,-1.9,Chatelperron_point,"Klíma, 1963",30.4,Moravia,0
DolniVestonice1_03_06,DolniVestonice1,15.4,53.9,3.49,629.6,72.0,130,484.3,1.0,1.8,50.3,0.4,-2.5,Rückengestumpfte Klinge,"Klíma, 1963",30.4,Moravia,0
DolniVestonice1_03_07,DolniVestonice1,17.0,43.0,2.53,524.6,69.0,107,490.3,1.0,0.4,65.9,-0.7,-1.4,Endretuschierte Lamelle,"Klíma, 1963",30.4,Moravia,0
DolniVestonice1_04_01,DolniVestonice1,17.6,34.5,1.96,396.4,62.0,93,426.2,2.5,0.7,53.2,-1.0,-3.1,Schräg endretuschierte Lamelle,"Klíma, 1963",30.4,Moravia,0
DolniVestonice1_04_02,DolniVestonice1,10.4,46.7,4.49,394.1,79.0,113,348.8,1.3,1.2,53.4,-0.3,-1.1,Point_a_face_plan,"Klíma, 1963",30.4,Moravia,0
DolniVestonice1_05_01,DolniVestonice1,20.6,53.7,2.6,877.8,72.0,142,618.2,0.4,3.2,108.9,0.6,0.6,Konkav endretuschierte Lamelle,"Klíma, 1963",30.4,Moravia,0
DolniVestonice1_05_02,DolniVestonice1,31.5,54.5,1.73,1217.6,70.0,149,817.2,1.7,1.1,76.8,-0.1,-2.8,Konvex endretuschierte Lamelle,"Klíma, 1963",30.4,Moravia,0
DolniVestonice1_05_03,DolniVestonice1,18.7,44.9,2.4,690.1,79.0,121,570.3,2.6,0.9,80.4,-0.4,-1.2,Flechette,"Klíma, 1963",30.4,Moravia,0
DolniVestonice1_05_04,DolniVestonice1,27.8,48.6,1.75,1175.9,87.0,146,805.4,2.2,1.3,166.4,0.0,0.3,Flechette,"Klíma, 1963",30.4,Moravia,0
DolniVestonice1_06_01,DolniVestonice1,13.1,43.0,3.28,412.2,72.0,105,392.6,2.7,0.8,45.0,-0.2,-2.7,Backed_blade,"Klíma, 1963",30.4,Moravia,1
DolniVestonice1_06_02,DolniVestonice1,13.3,34.5,2.59,324.8,70.0,87,373.4,1.9,0.9,60.8,0.2,-1.8,Backed_blade,"Klíma, 1963",30.4,Moravia,0
DolniVestonice1_07_01,DolniVestonice1,6.3,34.9,5.5,188.9,84.0,83,227.6,0.9,1.7,61.4,0.0,-0.2,Backed_blade,"Klíma, 1963",30.4,Moravia,0
DolniVestonice1_07_02,DolniVestonice1,9.7,77.0,7.95,617.6,68.0,178,347.0,0.6,14.2,53.3,0.6,1.3,Backed_blade,"Klíma, 1963",30.4,Moravia,0
DolniVestonice1_07_03,DolniVestonice1,6.5,37.1,5.71,168.4,69.0,82,205.4,2.7,4.9,24.1,0.6,-2.7,Backed_blade,"Klíma, 1963",30.4,Moravia,1
DolniVestonice1_07_04,DolniVestonice1,5.7,22.1,3.86,96.1,74.0,54,178.0,1.6,1.0,69.2,0.0,0.3,Backed_blade,"Klíma, 1963",30.4,Moravia,0
DolniVestonice1_07_05,DolniVestonice1,5.9,42.9,7.3,209.9,86.0,107,196.2,0.7,0.9,171.9,0.2,-0.5,Backed_blade,"Klíma, 1963",30.4,Moravia,0
DolniVestonice1_07_06,DolniVestonice1,6.2,32.7,5.28,166.4,71.0,76,218.9,2.8,0.8,42.7,-0.2,-0.5,Backed_blade,"Klíma, 1963",30.4,Moravia,0
DolniVestonice1_07_07,DolniVestonice1,11.7,50.0,4.26,468.2,74.0,122,383.7,0.5,3.1,87.7,0.5,1.0,Backed_blade,"Klíma, 1963",30.4,Moravia,0
DolniVestonice1_07_08,DolniVestonice1,7.5,44.3,5.94,278.7,76.0,102,273.2,2.7,1.0,43.0,-0.3,-0.2,Backed_blade,"Klíma, 1963",30.4,Moravia,0
DolniVestonice1_07_09,DolniVestonice1,4.3,23.2,5.41,77.7,72.0,51,152.3,2.5,0.8,40.0,-0.2,-0.3,Backed_blade,"Klíma, 1963",30.4,Moravia,1
DolniVestonice1_07_10,DolniVestonice1,5.9,29.0,4.95,134.6,75.0,67,200.9,1.3,6.4,40.9,0.0,-1.4,Backed_blade,"Klíma, 1963",30.4,Moravia,1
DolniVestonice1_07_11,DolniVestonice1,6.0,34.0,5.63,175.7,75.0,78,225.3,2.5,6.6,45.6,0.3,-0.5,Backed_blade,"Klíma, 1963",30.4,Moravia,0
DolniVestonice1_07_12,DolniVestonice1,5.9,49.7,8.46,257.6,78.0,118,218.3,0.2,1.1,112.2,0.0,1.3,Backed_blade,"Klíma, 1963",30.4,Moravia,0
DolniVestonice1_07_13,DolniVestonice1,8.3,47.1,5.71,334.8,80.0,114,293.7,5.9,0.9,37.6,-0.2,-0.2,Backed_blade,"Klíma, 1963",30.4,Moravia,0
DolniVestonice1_07_14,DolniVestonice1,6.3,27.3,4.3,140.2,78.0,66,212.5,0.5,0.7,93.8,-0.2,0.5,Backed_blade,"Klíma, 1963",30.4,Moravia,0
DolniVestonice1_07_15,DolniVestonice1,5.4,24.9,4.62,102.5,74.0,59,173.8,2.0,1.3,51.3,0.2,-0.3,Backed_blade,"Klíma, 1963",30.4,Moravia,0
DolniVestonice1_07_16,DolniVestonice1,5.7,32.9,5.75,155.9,74.0,74,210.6,3.4,1.6,40.8,-0.2,0.0,Backed_blade,"Klíma, 1963",30.4,Moravia,0
DolniVestonice1_08_01,DolniVestonice1,8.1,40.0,4.95,262.9,69.0,94,279.7,0.5,1.0,85.4,-0.3,1.2,Backed_blade,"Klíma, 1963",30.4,Moravia,0
DolniVestonice1_08_02,DolniVestonice1,8.6,30.0,3.48,210.3,79.0,71,296.1,1.7,1.2,77.0,0.1,0.1,Backed_blade,"Klíma, 1963",30.4,Moravia,0
DolniVestonice1_08_03,DolniVestonice1,9.9,55.5,5.62,425.4,76.0,130,327.2,4.9,1.0,37.5,-0.1,-2.2,Backed_blade,"Klíma, 1963",30.4,Moravia,0
DolniVestonice1_08_04,DolniVestonice1,4.4,21.6,4.94,75.8,73.0,49,154.7,1.3,0.6,52.8,-0.3,-0.3,Backed_blade,"Klíma, 1963",30.4,Moravia,1
DolniVestonice1_08_05,DolniVestonice1,6.4,32.5,5.04,163.6,79.0,73,224.1,0.5,1.8,73.7,0.1,0.0,Backed_blade,"Klíma, 1963",30.4,Moravia,0
DolniVestonice1_08_06,DolniVestonice1,8.1,30.5,3.78,211.3,90.0,79,267.4,2.1,3.2,102.8,-0.1,0.7,Backed_blade,"Klíma, 1963",30.4,Moravia,0
DolniVestonice1_08_07,DolniVestonice1,8.9,56.2,6.31,414.9,85.0,131,316.7,1.6,1.2,143.1,0.1,-0.5,Backed_blade,"Klíma, 1963",30.4,Moravia,1
DolniVestonice1_08_08,DolniVestonice1,6.0,30.1,5.0,149.8,80.0,70,214.1,1.5,0.9,61.1,-0.3,0.5,Backed_blade,"Klíma, 1963",30.4,Moravia,0
DolniVestonice1_08_09,DolniVestonice1,7.3,35.6,4.91,226.2,81.0,87,260.0,0.8,0.5,72.6,-0.3,-0.1,Backed_blade,"Klíma, 1963",30.4,Moravia,0
DolniVestonice1_08_10,DolniVestonice1,8.5,39.9,4.69,288.8,83.0,97,297.7,0.9,1.1,76.3,0.0,0.4,Backed_blade,"Klíma, 1963",30.4,Moravia,0
DolniVestonice1_08_11,DolniVestonice1,7.4,35.9,4.85,199.0,73.0,86,231.4,1.4,2.4,46.6,0.4,-0.8,Backed_blade,"Klíma, 1963",30.4,Moravia,0
DolniVestonice1_08_12,DolniVestonice1,9.9,88.9,9.01,735.2,74.0,195,377.0,1.7,0.5,32.8,-0.5,-0.7,Backed_blade,"Klíma, 1963",30.4,Moravia,1
DolniVestonice1_08_13,DolniVestonice1,4.8,19.7,4.11,74.1,74.0,44,168.4,2.4,0.9,51.1,-0.1,-0.4,Backed_blade,"Klíma, 1963",30.4,Moravia,1
DolniVestonice1_08_14,DolniVestonice1,8.1,37.8,4.68,254.7,80.0,92,276.9,0.9,2.3,77.2,0.3,1.4,Chatelperron_point,"Klíma, 1963",30.4,Moravia,0
DolniVestonice1_08_15,DolniVestonice1,8.1,41.9,5.19,285.9,88.0,102,280.3,0.7,0.3,6.1,-1.0,-0.5,Chatelperron_point,"Klíma, 1963",30.4,Moravia,0
DolniVestonice1_09_01,DolniVestonice1,16.0,77.4,4.85,1029.9,74.0,179,575.4,5.9,1.3,43.7,-0.7,-1.8,Chatelperron_point,"Klíma, 1963",30.4,Moravia,0
DolniVestonice1_09_02,DolniVestonice1,18.1,74.9,4.15,978.7,63.0,172,569.0,1.0,3.1,49.1,0.4,-1.2,Chatelperron_point,"Klíma, 1963",30.4,Moravia,0
DolniVestonice1_09_03,DolniVestonice1,27.2,56.3,2.07,919.8,59.0,145,634.3,2.2,1.9,52.3,1.4,-4.4,Chatelperron_point,"Klíma, 1963",30.4,Moravia,0
DolniVestonice1_09_04,DolniVestonice1,18.6,82.8,4.45,1121.7,63.0,198,566.5,7.7,0.9,37.6,-0.4,-3.9,Chatelperron_point,"Klíma, 1963",30.4,Moravia,0
DolniVestonice1_09_05,DolniVestonice1,18.6,81.8,4.4,1195.7,79.0,187,639.4,1.2,1.2,50.5,0.0,-2.8,Chatelperron_point,"Klíma, 1963",30.4,Moravia,0
DolniVestonice1_09_06,DolniVestonice1,27.2,86.7,3.19,1802.8,72.0,210,858.5,3.5,1.3,54.9,0.0,-3.3,Chatelperron_point,"Klíma, 1963",30.4,Moravia,0
DolniVestonice1_10_01,DolniVestonice1_10,23.6,70.4,2.98,1115.4,64.0,172,648.5,3.0,1.4,46.3,-0.9,-4.3,Chatelperron_point,"Klíma, 1963",30.4,Moravia,0
DolniVestonice1_10_02,DolniVestonice1_10,36.8,80.9,2.2,2154.1,74.0,216,997.3,4.7,1.1,60.9,0.7,-6.1,Chatelperron_point,"Klíma, 1963",30.4,Moravia,0
DolniVestonice1_10_03,DolniVestonice1_10,21.8,53.9,2.48,742.2,62.0,139,534.0,1.2,0.3,47.8,-0.4,-2.0,Chatelperron_point,"Klíma, 1963",30.4,Moravia,0
DolniVestonice1_10_04,DolniVestonice1_10,22.5,93.2,4.14,1641.0,79.0,213,770.4,2.4,1.0,48.6,0.7,-2.7,Chatelperron_point,"Klíma, 1963",30.4,Moravia,1
DolniVestonice1_10_05,DolniVestonice1_10,13.0,51.8,3.97,514.1,77.0,120,428.4,0.8,1.1,65.1,0.2,-0.2,Chatelperron_point,"Klíma, 1963",30.4,Moravia,0
DolniVestonice1_10_06,DolniVestonice1_10,23.4,95.4,4.08,1624.8,72.0,221,735.2,1.1,1.0,46.9,0.0,-3.9,Chatelperron_point,"Klíma, 1963",30.4,Moravia,0
DolniVestonice1_10_07,DolniVestonice1_10,44.3,109.3,2.47,3414.7,59.0,280,1219.5,1.2,2.7,68.9,2.0,-4.5,Chatelperron_point,"Klíma, 1963",30.4,Moravia,0
DolniVestonice1_10_08,DolniVestonice1_10,21.4,57.1,2.67,896.0,72.0,141,635.4,0.7,1.9,66.4,0.5,-1.1,Chatelperron_point,"Klíma, 1963",30.4,Moravia,0
DolniVestonice1_10_09,DolniVestonice1_10,27.3,143.0,5.24,3145.6,78.0,342,919.8,0.5,1.0,79.2,0.5,0.2,Microgravette_point,"Klíma, 1963",30.4,Moravia,0
DolniVestonice1_10_10,DolniVestonice1_10,14.5,50.5,3.49,598.9,80.0,127,471.6,0.5,0.3,69.4,-0.5,-2.0,Shouldered_point,"Klíma, 1963",30.4,Moravia,0
GrubKranawetberg_01_01,GrubKranawetberg,5.6,27.7,4.94,114.6,66.0,65,176.3,0.9,3.0,50.6,0.2,-0.2,Gravette_point,NHMW-PRÄ-GK93377-W_Antl,29.5,Lower Austria,1
GrubKranawetberg_01_02,GrubKranawetberg,8.8,38.9,4.44,209.1,57.0,89,234.9,1.6,2.1,44.5,0.7,0.5,Microgravette_point,NHMW-PRÄ-GK93377-W_Antl,29.5,Lower Austria,1
GrubKranawetberg_01_03,GrubKranawetberg,13.2,48.6,3.69,463.3,69.0,116,399.4,0.9,0.9,47.7,-0.4,-0.9,Microgravette_point,NHMW-PRÄ-GK93377-W_Antl,29.5,Lower Austria,1
GrubKranawetberg_01_04,GrubKranawetberg,5.4,26.3,4.84,107.6,68.0,61,176.4,0.9,2.9,58.1,0.2,0.2,Symmetric_backed_point,NHMW-PRÄ-GK93377-W_Antl,29.5,Lower Austria,1
GrubKranawetberg_01_05,GrubKranawetberg,4.4,31.6,7.2,111.5,77.0,70,159.3,0.8,1.8,42.5,0.2,0.0,Microgravette_point,NHMW-PRÄ-GK93377-W_Antl,29.5,Lower Austria,1
GrubKranawetberg_01_06,GrubKranawetberg,7.4,43.2,5.86,227.7,67.0,96,237.2,1.1,0.9,31.3,-0.2,-1.8,Microgravette_point,NHMW-PRÄ-GK93377-W_Antl,29.5,Lower Austria,1
GrubKranawetberg_01_07,GrubKranawetberg,6.1,33.2,5.4,149.7,72.0,76,197.0,1.1,6.0,41.4,0.5,0.0,Microgravette_point,NHMW-PRÄ-GK93377-W_Antl,29.5,Lower Austria,1
GrubKranawetberg_01_08,GrubKranawetberg,6.3,34.0,5.39,164.4,68.0,76,216.3,1.3,3.5,43.2,0.2,-0.4,Symmetric_backed_point,NHMW-PRÄ-GK93377-W_Antl,29.5,Lower Austria,1
GrubKranawetberg_01_09,GrubKranawetberg,6.8,45.4,6.64,220.0,68.0,103,213.6,1.5,1.8,30.5,-0.2,-0.9,Microgravette_point,NHMW-PRÄ-GK93377-W_Antl,29.5,Lower Austria,1
GrubKranawetberg_01_10,GrubKranawetberg,6.0,32.6,5.47,136.1,67.0,75,181.5,0.8,1.8,49.8,0.0,0.0,Microgravette_point,NHMW-PRÄ-GK93377-W_Antl,29.5,Lower Austria,1
GrubKranawetberg_01_11,GrubKranawetberg,5.6,38.4,6.84,170.6,76.0,84,203.0,2.1,1.9,34.4,0.2,-0.2,Microgravette_point,NHMW-PRÄ-GK93377-W_Antl,29.5,Lower Austria,1
GrubKranawetberg_01_12,GrubKranawetberg,4.6,38.6,8.46,129.9,65.0,84,154.7,1.0,4.2,32.7,0.0,-0.4,Symmetric_backed_point,NHMW-PRÄ-GK93377-W_Antl,29.5,Lower Austria,1
GrubKranawetberg_01_13,GrubKranawetberg,5.6,34.9,6.22,145.2,71.0,81,179.2,1.4,0.5,40.9,-0.2,0.2,Microgravette_point,NHMW-PRÄ-GK93377-W_Antl,29.5,Lower Austria,1
GrubKranawetberg_01_14,GrubKranawetberg,5.1,35.6,7.0,132.9,66.0,78,170.4,3.7,1.4,25.2,0.0,-1.2,Symmetric_backed_point,NHMW-PRÄ-GK93377-W_Antl,29.5,Lower Austria,1
GrubKranawetberg_01_15,GrubKranawetberg,5.1,21.4,4.21,85.8,73.0,50,171.6,0.7,0.3,69.1,-0.4,-0.4,Microgravette_point,NHMW-PRÄ-GK93377-W_Antl,29.5,Lower Austria,1
GrubKranawetberg_01_16,GrubKranawetberg,3.5,35.1,10.0,92.4,79.0,79,116.9,1.5,1.5,20.7,-0.2,-0.7,Shouldered_point,NHMW-PRÄ-GK93377-W_Antl,29.5,Lower Austria,1
GrubKranawetberg_01_17,GrubKranawetberg,3.7,25.1,6.81,70.9,66.0,58,122.2,1.8,0.9,36.9,-0.2,-0.5,Microgravette_point,NHMW-PRÄ-GK93377-W_Antl,29.5,Lower Austria,1
GrubKranawetberg_01_18,GrubKranawetberg,14.7,57.2,3.88,543.1,63.0,134,405.3,1.1,0.4,43.9,-1.4,-0.7,Microgravette_point,NHMW-PRÄ-GK93377-W_Antl,29.5,Lower Austria,1
GrubKranawetberg_01_19,GrubKranawetberg,3.7,24.2,6.57,62.2,66.0,53,117.3,2.2,0.3,29.2,-0.7,-0.4,Microgravette_point,NHMW-PRÄ-GK93377-W_Antl,29.5,Lower Austria,1
GrubKranawetberg_01_20,GrubKranawetberg,4.2,30.4,7.21,98.9,71.0,66,149.9,0.7,2.0,42.4,-0.2,-0.2,Symmetric_backed_point,NHMW-PRÄ-GK93377-W_Antl,29.5,Lower Austria,1
GrubKranawetberg_01_21,GrubKranawetberg,6.5,31.2,4.81,155.3,72.0,73,212.7,0.8,0.3,61.3,-0.5,0.7,Microgravette_point,NHMW-PRÄ-GK93377-W_Antl,29.5,Lower Austria,1
GrubKranawetberg_01_22,GrubKranawetberg,6.7,29.5,4.42,138.2,66.0,69,200.3,1.8,0.9,38.7,-0.2,-0.9,Microgravette_point,NHMW-PRÄ-GK93377-W_Antl,29.5,Lower Austria,1
GrubKranawetberg_01_23,GrubKranawetberg,7.7,45.1,5.84,249.8,67.0,101,247.4,1.0,0.9,33.1,0.0,-1.1,Microgravette_point,NHMW-PRÄ-GK93377-W_Antl,29.5,Lower Austria,1
GrubKranawetberg_01_24,GrubKranawetberg,5.4,36.5,6.71,150.7,77.0,81,186.1,1.9,4.2,34.3,0.2,-0.4,Distal_oblique_retouched_point,NHMW-PRÄ-GK93377-W_Antl,29.5,Lower Austria,1
GrubKranawetberg_01_25,GrubKranawetberg,6.3,33.3,5.28,173.4,82.0,77,225.2,1.1,0.6,53.0,0.0,-0.9,Microgravette_point,NHMW-PRÄ-GK93377-W_Antl,29.5,Lower Austria,1
GrubKranawetberg_01_26,GrubKranawetberg,8.1,45.1,5.59,282.1,75.0,102,276.6,1.2,0.2,35.8,-0.7,-1.6,Microgravette_point,NHMW-PRÄ-GK93377-W_Antl,29.5,Lower Austria,1
GrubKranawetberg_01_27,GrubKranawetberg,5.3,33.2,6.3,142.2,74.0,74,192.2,0.5,1.0,61.4,-0.2,-0.2,Microgravette_point,NHMW-PRÄ-GK93377-W_Antl,29.5,Lower Austria,1
GrubKranawetberg_01_28,GrubKranawetberg,6.8,30.0,4.38,155.1,73.0,71,218.5,1.9,1.4,44.6,-0.2,-0.9,Microlithic_backed_point,NHMW-PRÄ-GK93377-W_Antl,29.5,Lower Austria,1
GrubKranawetberg_01_29,GrubKranawetberg,6.0,35.1,5.88,158.3,71.0,78,203.0,3.3,0.5,34.4,-0.4,-1.1,Microlithic_backed_point,NHMW-PRÄ-GK93377-W_Antl,29.5,Lower Austria,1
GrubKranawetberg_02_01,GrubKranawetberg,5.6,20.9,3.71,84.7,70.0,48,176.5,1.1,2.0,50.6,0.1,-0.5,Microlithic_backed_point,NHMW-PRÄ-GK93377-W_Antl,29.5,Lower Austria,1
GrubKranawetberg_02_02,GrubKranawetberg,3.6,20.2,5.59,56.0,81.0,47,119.2,1.0,0.4,48.3,-0.4,0.0,Microlithic_backed_point,NHMW-PRÄ-GK93377-W_Antl,29.5,Lower Austria,1
GrubKranawetberg_02_03,GrubKranawetberg,6.1,23.1,3.78,100.8,68.0,54,186.7,0.9,2.8,53.0,0.0,0.1,Microlithic_backed_point,NHMW-PRÄ-GK93377-W_Antl,29.5,Lower Austria,1
GrubKranawetberg_02_04,GrubKranawetberg,7.1,23.4,3.28,124.6,73.0,57,218.6,1.7,0.5,64.2,-0.4,-0.1,Microlithic_backed_point,NHMW-PRÄ-GK93377-W_Antl,29.5,Lower Austria,1
GrubKranawetberg_02_05,GrubKranawetberg,3.4,18.8,5.56,49.8,81.0,42,118.7,1.1,2.4,45.3,0.1,-0.2,Microlithic_backed_point,NHMW-PRÄ-GK93377-W_Antl,29.5,Lower Austria,1
GrubKranawetberg_02_06,GrubKranawetberg,3.1,17.1,5.48,40.7,70.0,39,104.4,1.1,2.1,42.5,0.1,-0.2,Microlithic_backed_point,NHMW-PRÄ-GK93377-W_Antl,29.5,Lower Austria,1
GrubKranawetberg_02_07,GrubKranawetberg,3.9,22.4,5.77,63.9,71.0,51,125.4,1.2,0.7,46.9,-0.1,0.2,Microlithic_backed_point,NHMW-PRÄ-GK93377-W_Antl,29.5,Lower Austria,1
GrubKranawetberg_02_08,GrubKranawetberg,4.8,18.6,3.92,68.4,77.0,42,162.9,0.9,3.8,66.3,0.1,0.1,Microlithic_backed_point,NHMW-PRÄ-GK93377-W_Antl,29.5,Lower Austria,1
GrubKranawetberg_02_09,GrubKranawetberg,3.6,22.5,6.21,62.4,73.0,51,122.3,0.9,4.8,53.6,0.1,0.1,Microlithic_backed_point,NHMW-PRÄ-GK93377-W_Antl,29.5,Lower Austria,1
GrubKranawetberg_03_01,GrubKranawetberg,4.9,25.0,5.12,99.5,68.0,59,168.6,2.9,1.1,37.8,-0.2,-0.9,Microlithic_backed_point,NHMW-PRÄ-GK93377-W_Antl,29.5,Lower Austria,1
GrubKranawetberg_03_02,GrubKranawetberg,4.8,24.1,5.08,95.3,75.0,55,173.3,1.1,0.4,56.7,-0.2,-0.1,Microgravette_point,NHMW-PRÄ-GK93377-W_Antl,29.5,Lower Austria,1
GrubKranawetberg_03_03,GrubKranawetberg,3.3,20.6,6.26,53.4,73.0,45,118.6,1.1,0.8,42.1,-0.1,-0.5,Microlithic_backed_point,NHMW-PRÄ-GK93377-W_Antl,29.5,Lower Austria,1
GrubKranawetberg_03_04,GrubKranawetberg,5.2,26.2,5.0,108.0,73.0,60,180.0,1.1,5.1,55.0,0.1,-0.1,Microlithic_backed_point,NHMW-PRÄ-GK93377-W_Antl,29.5,Lower Austria,1
GrubKranawetberg_03_05,GrubKranawetberg,4.4,18.5,4.22,60.4,56.0,44,137.3,1.0,1.6,52.9,-0.1,-0.2,Microlithic_backed_point,NHMW-PRÄ-GK93377-W_Antl,29.5,Lower Austria,1
GrubKranawetberg_03_06,GrubKranawetberg,4.8,22.2,4.67,84.1,75.0,50,168.2,2.4,2.5,42.0,0.0,-0.7,Microlithic_backed_point,NHMW-PRÄ-GK93377-W_Antl,29.5,Lower Austria,1
GrubKranawetberg_04_01,GrubKranawetberg,4.0,20.4,5.04,57.6,64.0,46,125.3,1.4,2.3,32.7,0.2,-0.5,Microgravette_point,NHMW-PRÄ-GK93377-W_Antl,29.5,Lower Austria,1
GrubKranawetberg_04_02,GrubKranawetberg,6.1,23.7,3.86,112.1,73.0,55,203.8,0.7,0.5,67.4,-0.4,-0.2,Microlithic_backed_point,NHMW-PRÄ-GK93377-W_Antl,29.5,Lower Austria,1
GrubKranawetberg_04_03,GrubKranawetberg,6.3,26.8,4.25,127.6,71.0,63,202.5,0.9,0.4,58.1,-0.4,-0.2,Microlithic_backed_point,NHMW-PRÄ-GK93377-W_Antl,29.5,Lower Austria,1
GrubKranawetberg_04_04,GrubKranawetberg,5.3,20.7,3.93,89.0,83.0,51,174.5,1.3,3.3,67.3,0.4,0.2,Microlithic_backed_point,NHMW-PRÄ-GK93377-W_Antl,29.5,Lower Austria,1
GrubKranawetberg_04_05,GrubKranawetberg,3.7,21.4,5.81,64.6,70.0,48,134.6,1.6,0.4,45.2,-0.2,-0.2,Microgravette_point,NHMW-PRÄ-GK93377-W_Antl,29.5,Lower Austria,1
GrubKranawetberg_04_06,GrubKranawetberg,5.6,23.0,4.09,97.3,68.0,53,183.6,2.0,0.8,50.6,-0.2,-0.4,Microgravette_point,NHMW-PRÄ-GK93377-W_Antl,29.5,Lower Austria,1
GrubKranawetberg_04_07,GrubKranawetberg,5.3,27.5,5.23,115.6,74.0,65,177.9,1.1,2.8,49.7,0.0,-0.4,Microgravette_point,NHMW-PRÄ-GK93377-W_Antl,29.5,Lower Austria,1
GrubKranawetberg_04_08,GrubKranawetberg,3.5,30.0,8.55,82.3,65.0,65,126.6,0.6,3.0,44.2,-0.2,0.4,Microgravette_point,NHMW-PRÄ-GK93377-W_Antl,29.5,Lower Austria,1
GrubKranawetberg_04_09,GrubKranawetberg,5.8,40.0,6.91,180.1,77.0,90,200.1,3.9,2.0,25.9,0.0,-1.6,Microgravette_point,NHMW-PRÄ-GK93377-W_Antl,29.5,Lower Austria,1
GrubKranawetberg_04_10,GrubKranawetberg,5.4,26.0,4.77,105.9,68.0,59,179.5,1.4,0.9,48.5,0.0,-0.7,Microgravette_point,NHMW-PRÄ-GK93377-W_Antl,29.5,Lower Austria,1
GrubKranawetberg_04_11,GrubKranawetberg,6.8,25.4,3.72,141.4,79.0,60,235.7,1.2,2.5,70.1,-0.2,0.0,Microlithic_backed_point,NHMW-PRÄ-GK93377-W_Antl,29.5,Lower Austria,1
GrubKranawetberg_04_12,GrubKranawetberg,3.9,27.4,7.09,80.1,69.0,62,129.2,1.0,2.1,43.1,0.0,0.2,Microgravette_point,NHMW-PRÄ-GK93377-W_Antl,29.5,Lower Austria,1
GrubKranawetberg_04_13,GrubKranawetberg,5.3,21.1,4.0,83.2,66.0,51,163.1,1.1,1.3,64.3,0.0,-0.4,Microgravette_point,NHMW-PRÄ-GK93377-W_Antl,29.5,Lower Austria,1
GrubKranawetberg_04_14,GrubKranawetberg,6.7,28.8,4.32,139.7,65.0,66,211.6,1.3,0.3,51.8,-0.5,0.2,Microgravette_point,NHMW-PRÄ-GK93377-W_Antl,29.5,Lower Austria,1
GrubKranawetberg_04_15,GrubKranawetberg,6.3,30.0,4.75,145.2,72.0,68,213.5,1.0,3.5,57.4,0.0,-0.2,Microgravette_point,NHMW-PRÄ-GK93377-W_Antl,29.5,Lower Austria,1
GrubKranawetberg_04_16,GrubKranawetberg,5.4,28.1,5.16,111.1,70.0,65,171.0,1.5,1.2,36.8,0.0,-0.7,Microgravette_point,NHMW-PRÄ-GK93377-W_Antl,29.5,Lower Austria,1
GrubKranawetberg_04_17,GrubKranawetberg,3.7,26.3,7.14,74.8,70.0,61,122.7,0.8,0.3,46.7,-0.2,-0.2,Microgravette_point,NHMW-PRÄ-GK93377-W_Antl,29.5,Lower Austria,1
GrubKranawetberg_04_18,GrubKranawetberg,4.0,27.7,6.87,90.8,71.0,61,148.8,3.0,2.8,33.6,-0.2,-0.5,Microlithic_backed_point,NHMW-PRÄ-GK93377-W_Antl,29.5,Lower Austria,1
GrubKranawetberg_04_19,GrubKranawetberg,4.9,27.0,5.5,113.8,72.0,62,183.6,1.0,0.2,61.1,-0.4,0.0,Microgravette_point,NHMW-PRÄ-GK93377-W_Antl,29.5,Lower Austria,1
GrubKranawetberg_04_20,GrubKranawetberg,3.7,22.3,6.05,62.7,69.0,50,125.5,1.0,6.0,42.6,0.0,-0.2,Microgravette_point,NHMW-PRÄ-GK93377-W_Antl,29.5,Lower Austria,1
GrubKranawetberg_04_21,GrubKranawetberg,4.7,23.7,5.0,87.9,72.0,54,162.7,1.8,1.2,48.7,0.0,-0.4,Microlithic_backed_point,NHMW-PRÄ-GK93377-W_Antl,29.5,Lower Austria,1
GrubKranawetberg_04_22,GrubKranawetberg,6.1,36.8,6.0,177.3,77.0,82,216.3,2.6,2.5,36.5,0.0,-0.4,Microlithic_backed_point,NHMW-PRÄ-GK93377-W_Antl,29.5,Lower Austria,1
GrubKranawetberg_04_23,GrubKranawetberg,4.9,24.0,4.89,84.3,62.0,53,159.1,0.9,0.6,47.1,-0.4,0.0,Triangle,NHMW-PRÄ-GK93377-W_Antl,29.5,Lower Austria,1
GrubKranawetberg_04_24,GrubKranawetberg,3.7,21.4,5.81,62.9,71.0,48,131.0,0.9,2.0,49.4,0.0,0.2,Microgravette_point,NHMW-PRÄ-GK93377-W_Antl,29.5,Lower Austria,1
GrubKranawetberg_04_25,GrubKranawetberg,8.1,27.2,3.37,143.4,62.0,64,224.0,2.6,2.1,40.9,0.4,-0.9,Microgravette_point,NHMW-PRÄ-GK93377-W_Antl,29.5,Lower Austria,1
GrubKranawetberg_04_26,GrubKranawetberg,5.8,23.0,3.97,102.5,76.0,53,193.4,1.5,2.7,58.5,0.2,-0.2,Microlithic_backed_point,NHMW-PRÄ-GK93377-W_Antl,29.5,Lower Austria,1
GrubKranawetberg_04_27,GrubKranawetberg,5.3,26.8,5.1,100.8,70.0,60,168.0,1.0,2.8,47.0,0.4,0.0,Oblique_retouched_microlithic_point,NHMW-PRÄ-GK93377-W_Antl,29.5,Lower Austria,1
GrubKranawetberg_05_01,GrubKranawetberg,5.4,24.7,4.55,102.8,73.0,56,183.6,2.5,4.5,41.4,0.2,-0.7,Microlithic_backed_point,NHMW-PRÄ-GK93377-W_Antl,29.5,Lower Austria,1
GrubKranawetberg_05_02,GrubKranawetberg,6.3,24.7,3.92,108.6,68.0,57,190.6,1.6,0.2,46.2,-0.9,-0.6,Microlithic_backed_point,NHMW-PRÄ-GK93377-W_Antl,29.5,Lower Austria,1
GrubKranawetberg_05_03,GrubKranawetberg,3.5,17.8,5.14,45.5,70.0,40,113.7,1.0,1.2,49.9,0.0,0.1,Microlithic_backed_point,NHMW-PRÄ-GK93377-W_Antl,29.5,Lower Austria,1
GrubKranawetberg_05_04,GrubKranawetberg,4.6,21.6,4.73,76.3,77.0,48,158.9,1.4,0.5,56.0,-0.2,0.2,Microlithic_backed_point,NHMW-PRÄ-GK93377-W_Antl,29.5,Lower Austria,1
GrubKranawetberg_05_05,GrubKranawetberg,5.9,24.9,4.21,104.5,69.0,58,180.2,1.0,2.2,55.0,0.0,0.0,Shouldered_point,NHMW-PRÄ-GK93377-W_Antl,29.5,Lower Austria,1
GrubKranawetberg_05_06,GrubKranawetberg,5.2,18.4,3.55,66.8,68.0,42,159.1,2.1,0.6,43.5,-0.2,-0.6,Microlithic_backed_point,NHMW-PRÄ-GK93377-W_Antl,29.5,Lower Austria,1
GrubKranawetberg_05_07,GrubKranawetberg,10.0,30.1,3.01,209.8,67.0,73,287.4,0.9,0.2,57.3,-1.2,-0.5,Microlithic_backed_point,NHMW-PRÄ-GK93377-W_Antl,29.5,Lower Austria,1
GrubKranawetberg_05_08,GrubKranawetberg,4.6,22.3,4.89,74.4,68.0,51,145.9,1.0,0.9,48.8,-0.1,-0.1,Microlithic_backed_point,NHMW-PRÄ-GK93377-W_Antl,29.5,Lower Austria,1
GrubKranawetberg_05_09,GrubKranawetberg,5.9,19.4,3.27,80.9,69.0,46,176.0,1.4,1.1,58.3,0.0,0.0,Symmetric_backed_point,NHMW-PRÄ-GK93377-W_Antl,29.5,Lower Austria,1
GrubKranawetberg_05_10,GrubKranawetberg,5.8,19.6,3.38,84.5,67.0,46,183.7,1.3,0.7,64.9,-0.1,-0.1,Microlithic_backed_point,NHMW-PRÄ-GK93377-W_Antl,29.5,Lower Austria,1
GrubKranawetberg_05_11,GrubKranawetberg,4.4,19.4,4.36,65.6,74.0,44,149.1,1.5,1.2,51.1,0.0,-0.2,Microgravette_point,NHMW-PRÄ-GK93377-W_Antl,29.5,Lower Austria,1
GrubKranawetberg_05_12,GrubKranawetberg,4.7,24.0,5.11,88.2,70.0,54,163.3,1.0,0.5,54.9,-0.4,-0.1,Microgravette_point,NHMW-PRÄ-GK93377-W_Antl,29.5,Lower Austria,1
GrubKranawetberg_06_01,GrubKranawetberg,7.0,40.9,5.82,188.9,63.0,91,207.5,2.0,0.5,30.9,-0.4,-0.9,Symmetric_backed_point,NHMW-PRÄ-GK93377-W_Antl,29.5,Lower Austria,1
GrubKranawetberg_06_02,GrubKranawetberg,4.9,32.8,6.68,126.3,74.0,75,168.4,1.3,1.5,48.4,-0.2,0.0,Microgravette_point,NHMW-PRÄ-GK93377-W_Antl,29.5,Lower Austria,1
GrubKranawetberg_06_03,GrubKranawetberg,5.1,30.0,5.9,114.3,72.0,69,165.7,1.6,1.1,39.8,-0.2,0.0,Microlithic_backed_point,NHMW-PRÄ-GK93377-W_Antl,29.5,Lower Austria,1
GrubKranawetberg_06_04,GrubKranawetberg,5.6,25.1,4.47,107.6,74.0,57,188.7,2.6,3.6,46.6,0.2,-0.4,Microgravette_point,NHMW-PRÄ-GK93377-W_Antl,29.5,Lower Austria,1
GrubKranawetberg_06_05,GrubKranawetberg,3.9,18.8,4.86,51.0,69.0,43,118.7,0.8,1.4,48.9,-0.2,0.2,Microlithic_backed_point,NHMW-PRÄ-GK93377-W_Antl,29.5,Lower Austria,1
GrubKranawetberg_06_06,GrubKranawetberg,6.5,36.0,5.54,174.8,66.0,79,221.3,1.0,0.2,40.6,-0.5,-0.2,Microlithic_backed_point,NHMW-PRÄ-GK93377-W_Antl,29.5,Lower Austria,1
GrubKranawetberg_06_07,GrubKranawetberg,3.9,17.0,4.41,45.0,65.0,40,112.4,0.8,2.7,53.3,0.2,0.2,Microgravette_point,NHMW-PRÄ-GK93377-W_Antl,29.5,Lower Austria,1
GrubKranawetberg_06_08,GrubKranawetberg,3.3,18.9,5.68,47.9,68.0,41,116.8,1.0,2.2,45.4,0.0,-0.2,Microlithic_backed_point,NHMW-PRÄ-GK93377-W_Antl,29.5,Lower Austria,1
GrubKranawetberg_06_09,GrubKranawetberg,5.4,24.9,4.58,106.0,73.0,57,185.9,1.5,2.9,49.8,0.0,-0.2,Microlithic_backed_point,NHMW-PRÄ-GK93377-W_Antl,29.5,Lower Austria,1
GrubKranawetberg_06_10,GrubKranawetberg,3.2,21.2,6.72,48.7,60.0,47,103.5,1.0,0.6,37.0,-0.2,0.0,Microgravette_point,NHMW-PRÄ-GK93377-W_Antl,29.5,Lower Austria,1
GrubKranawetberg_06_11,GrubKranawetberg,5.4,22.8,4.19,91.4,67.0,52,175.9,0.9,3.4,56.0,0.2,-0.2,Flechette,NHMW-PRÄ-GK93377-W_Antl,29.5,Lower Austria,1
GrubKranawetberg_06_12,GrubKranawetberg,7.5,31.6,4.19,168.7,69.0,73,231.1,1.0,1.5,48.3,0.0,-0.4,Microgravette_point,NHMW-PRÄ-GK93377-W_Antl,29.5,Lower Austria,1
GrubKranawetberg_06_13,GrubKranawetberg,11.6,33.9,2.92,284.9,70.0,84,339.2,1.9,0.9,57.1,-0.2,-1.4,Microgravette_point,NHMW-PRÄ-GK93377-W_Antl,29.5,Lower Austria,1
GrubKranawetberg_06_14,GrubKranawetberg,5.4,28.4,5.23,115.7,71.0,65,177.9,1.0,2.9,45.0,0.0,-0.2,Shouldered_point,NHMW-PRÄ-GK93377-W_Antl,29.5,Lower Austria,1
GrubKranawetberg_06_15,GrubKranawetberg,6.1,40.2,6.54,179.1,68.0,88,203.6,0.7,0.9,50.9,0.0,0.7,Microlithic_backed_point,NHMW-PRÄ-GK93377-W_Antl,29.5,Lower Austria,1
GrubKranawetberg_06_16,GrubKranawetberg,8.9,22.6,2.53,130.3,59.0,56,232.7,1.7,1.3,62.9,0.2,-0.5,Microgravette_point,NHMW-PRÄ-GK93377-W_Antl,29.5,Lower Austria,1
GrubKranawetberg_06_17,GrubKranawetberg,4.7,21.1,4.44,75.9,68.0,48,158.1,1.2,2.0,50.2,0.2,-0.4,Microgravette_point,NHMW-PRÄ-GK93377-W_Antl,29.5,Lower Austria,1
JarosovPodvrsta_01_01,JarosovPodvrsta,5.1,34.1,6.65,138.2,77.0,75,184.3,0.7,1.9,54.9,0.2,0.1,Microgravette_point,"Škrdla, 2005",31.2,Moravia,0
JarosovPodvrsta_01_02,JarosovPodvrsta,5.9,27.0,4.59,112.4,71.0,62,181.2,1.9,0.8,40.4,0.1,-1.0,Microgravette_point,"Škrdla, 2005",31.2,Moravia,0
JarosovPodvrsta_01_03,JarosovPodvrsta,3.3,18.8,5.79,49.4,79.0,43,114.8,1.1,1.0,56.1,-0.1,0.2,Gravette_point,"Škrdla, 2005",31.2,Moravia,0
JarosovPodvrsta_01_04,JarosovPodvrsta,3.7,20.0,5.41,56.5,75.0,45,125.5,0.4,1.0,61.8,-0.1,0.0,Microgravette_point,"Škrdla, 2005",31.2,Moravia,0
KremsWachtberg_01_01,KremsWachtberg,6.2,28.5,4.6,144.8,84.0,69,209.8,0.8,1.1,74.3,0.1,0.1,Microgravette_point,ID 194948 and 194949,29.5,Lower Austria,0
KremsWachtberg_01_02,KremsWachtberg,9.4,49.3,5.26,369.2,81.0,123,300.2,2.1,1.3,43.3,0.3,-0.9,Micropoint,"Simon et al., 2014",29.5,Lower Austria,0
KremsWachtberg_01_03,KremsWachtberg,6.5,30.1,4.64,157.8,71.0,71,222.3,1.1,3.0,60.5,-0.1,0.4,Microgravette_point,"Thomas et al., 2016",29.5,Lower Austria,0
KremsWachtberg_01_04,KremsWachtberg,4.6,14.6,3.2,54.4,78.0,38,143.3,3.2,1.1,67.4,0.1,-0.1,Microgravette_point,"Thomas and Ziehaus, 2014",29.5,Lower Austria,0
KremsWachtberg_01_05,KremsWachtberg,6.3,25.4,4.01,124.9,74.0,60,208.1,3.8,0.6,46.8,-0.1,-1.1,Microgravette_point,ID 175251,29.5,Lower Austria,0
KremsWachtberg_01_06,KremsWachtberg,6.5,25.1,3.87,127.9,78.0,61,209.7,0.8,0.9,69.5,-0.1,-0.4,Microgravette_point,"Simon et al., 2014",29.5,Lower Austria,0
KremsWachtberg_01_07,KremsWachtberg,5.3,23.9,4.52,99.8,68.0,58,172.0,3.3,1.1,46.2,0.1,-0.6,Gravette_point,ID 37937.2 and 39872.2,29.5,Lower Austria,0
KremsWachtberg_01_08,KremsWachtberg,4.9,27.8,5.64,110.6,75.0,63,175.6,5.4,0.3,36.7,-0.3,-0.9,Gravette_point,ID 103604.25,29.5,Lower Austria,0
KremsWachtberg_01_09,KremsWachtberg,12.4,37.9,3.06,361.4,78.0,93,388.6,2.7,0.9,55.0,-0.3,-2.0,Backed_point,ID 203297,29.5,Lower Austria,0
KremsWachtberg_01_10,KremsWachtberg,16.3,85.1,5.23,1075.0,83.0,201,534.8,1.1,0.2,43.3,-1.3,-2.0,Point,ID 122857,29.5,Lower Austria,0
KremsWachtberg_02_01,KremsWachtberg,18.5,60.8,3.29,798.0,70.0,145,550.4,1.4,2.1,56.3,0.8,-1.8,Flechette,"Thomas et al., 2016",29.5,Lower Austria,0
KremsWachtberg_02_02,KremsWachtberg,27.1,59.2,2.18,1114.6,65.0,154,723.7,2.5,0.7,62.2,0.6,-3.0,Microgravette_point,ID 102687,29.5,Lower Austria,0
KremsWachtberg_02_03,KremsWachtberg,14.0,61.5,4.41,650.8,73.0,141,461.5,0.7,2.3,67.9,0.6,0.4,Microgravette_point,ID 108803,29.5,Lower Austria,0
Milovice1_01_01,Milovice1,6.1,40.6,6.69,197.2,81.0,89,221.5,0.7,1.9,52.2,0.1,0.1,Microgravette_point,"Polanská, 2018",29.9,Moravia,1
Milovice1_01_02,Milovice1,6.2,33.0,5.31,167.8,80.0,77,217.9,1.3,1.7,52.4,0.2,-0.1,Microgravette_point,"Polanská, 2018",29.9,Moravia,1
Milovice1_01_03,Milovice1,5.5,40.1,7.29,177.6,78.0,92,193.1,0.8,0.7,44.5,-0.1,-0.1,Microgravette_point,"Polanská, 2018",29.9,Moravia,1
Milovice1_01_04,Milovice1,4.7,21.9,4.64,82.2,77.0,50,164.3,0.8,1.2,68.6,0.0,0.1,Microgravette_point,"Polanská, 2018",29.9,Moravia,0
Milovice1_01_05,Milovice1,6.0,41.1,6.85,200.9,80.0,91,220.7,1.7,1.9,39.4,-0.1,0.0,Microgravette_point,"Polanská, 2018",29.9,Moravia,1
Milovice1_01_06,Milovice1,6.3,41.5,6.6,210.8,81.0,92,229.1,1.0,0.5,47.0,-0.5,0.0,Point,"Polanská, 2018",29.9,Moravia,1
Milovice1_01_07,Milovice1,5.1,28.6,5.57,113.4,75.0,65,174.5,1.8,0.8,44.2,-0.2,0.0,Point,"Polanská, 2018",29.9,Moravia,1
Milovice1_02_01,Milovice1,14.7,37.6,2.55,406.8,64.0,101,402.8,2.8,0.3,55.3,-1.1,-2.3,Point,"Polanská, 2018",29.9,Moravia,0
Milovice1_02_02,Milovice1,8.0,25.5,3.18,132.8,64.0,61,217.7,1.2,1.2,60.0,-0.2,-0.3,Large_Point,"Polanská, 2018",29.9,Moravia,0
Milovice1_02_03,Milovice1,5.5,16.9,3.07,60.6,64.0,41,147.8,1.3,1.3,61.6,-0.1,-0.2,Large_Point,"Polanská, 2018",29.9,Moravia,1
Milovice1_02_04,Milovice1,19.0,67.2,3.53,957.9,74.0,155,618.0,1.0,1.6,58.7,0.5,-1.3,Large_Point,"Polanská, 2018",29.9,Moravia,1
Milovice1_02_05,Milovice1,17.3,61.5,3.55,807.9,75.0,150,538.6,1.0,1.1,65.0,0.2,-1.3,Point,"Polanská, 2018",29.9,Moravia,0
Milovice1_02_06,Milovice1,16.5,88.2,5.35,1120.2,80.0,206,543.8,1.4,1.3,40.1,-0.8,-2.8,Point,"Polanská, 2018",29.9,Moravia,1
Milovice1_03_01,Milovice1,8.9,37.3,4.18,242.1,72.0,88,275.1,2.4,1.0,38.6,-0.1,-1.9,Point,"Polanská, 2018",29.9,Moravia,1
Milovice1_03_02,Milovice1,12.7,47.0,3.69,407.8,68.0,106,384.7,2.9,0.8,36.1,-0.2,-2.9,Point,"Polanská, 2018",29.9,Moravia,1
Milovice1_03_03,Milovice1,4.5,17.2,3.78,58.6,73.0,41,142.9,2.2,1.7,50.7,0.1,-0.5,Point,"Polanská, 2018",29.9,Moravia,0
Milovice1_03_04,Milovice1,6.4,22.9,3.55,106.4,68.0,54,197.0,1.1,0.8,52.4,-0.2,-0.6,Point,"Polanská, 2018",29.9,Moravia,1
Milovice1_03_05,Milovice1,9.0,40.2,4.45,222.2,60.0,91,244.1,2.1,1.9,23.9,0.3,-2.4,Point,"Polanská, 2018",29.9,Moravia,1
Milovice1_03_06,Milovice1,10.7,45.5,4.26,320.7,65.0,108,296.9,3.1,1.1,33.0,0.2,-2.3,Point,"Polanská, 2018",29.9,Moravia,1
Milovice1_03_07,Milovice1,5.0,16.6,3.32,60.4,71.0,39,154.8,1.0,1.1,69.6,0.0,-0.1,Point,"Polanská, 2018",29.9,Moravia,0
Milovice1_03_08,Milovice1,6.0,24.1,4.03,103.6,74.0,55,188.4,1.5,0.8,57.8,0.0,0.2,Point,"Polanská, 2018",29.9,Moravia,1
Milovice1_03_09,Milovice1,6.1,22.1,3.6,89.7,65.0,51,175.8,1.7,1.1,48.7,-0.1,-0.4,Non_backed_microlith,"Polanská, 2018",29.9,Moravia,1
Milovice1_03_10,Milovice1,13.0,52.2,4.03,450.5,64.0,120,375.5,1.5,1.1,38.3,-0.1,-1.7,Non_backed_microlith,"Polanská, 2018",29.9,Moravia,1
Pavlov1_01_01,Pavlov1,5.3,20.8,3.95,74.2,67.0,48,154.6,0.9,12.9,49.8,0.5,0.1,Non_backed_microlith,"Klíma and Svoboda, 1994",30.7,Moravia,1
Pavlov1_01_02,Pavlov1,5.4,18.2,3.35,73.3,66.0,44,166.6,0.9,6.7,51.6,0.1,-0.8,Non_backed_microlith,"Klíma and Svoboda, 1994",30.7,Moravia,1
Pavlov1_01_03,Pavlov1,4.8,16.2,3.4,55.4,70.0,37,149.6,0.6,0.3,80.6,-0.3,0.7,Non_backed_microlith,"Klíma and Svoboda, 1994",30.7,Moravia,1
Pavlov1_01_04,Pavlov1,5.4,20.5,3.77,80.4,69.0,47,171.0,0.6,0.4,76.0,-0.3,0.5,Non_backed_microlith,"Klíma and Svoboda, 1994",30.7,Moravia,1
Pavlov1_01_05,Pavlov1,5.2,26.4,5.12,102.1,65.0,61,167.4,1.2,0.0,41.0,-0.4,-0.5,Non_backed_microlith,"Klíma and Svoboda, 1994",30.7,Moravia,1
Pavlov1_01_06,Pavlov1,8.9,28.0,3.16,187.2,71.0,69,271.3,1.3,4.6,58.4,0.3,-0.8,Non_backed_microlith,"Klíma and Svoboda, 1994",30.7,Moravia,1
Pavlov1_01_07,Pavlov1,5.4,26.9,4.95,105.6,75.0,61,173.2,1.6,8.1,39.8,0.4,-0.4,Non_backed_microlith,"Klíma and Svoboda, 1994",30.7,Moravia,1
Pavlov1_01_08,Pavlov1,4.7,18.2,3.9,65.2,76.0,42,155.2,0.6,8.6,64.7,0.2,0.1,Non_backed_microlith,"Klíma and Svoboda, 1994",30.7,Moravia,1
Pavlov1_02_01,Pavlov1,6.4,22.6,3.54,102.8,69.0,53,194.0,0.9,0.1,63.0,-0.6,0.2,Non_backed_microlith,"Klíma and Svoboda, 1994",30.7,Moravia,1
Pavlov1_02_02,Pavlov1,7.3,27.0,3.7,145.1,74.0,65,223.3,0.9,0.2,55.5,-0.2,-0.4,Non_backed_microlith,"Klíma and Svoboda, 1994",30.7,Moravia,1
Pavlov1_02_03,Pavlov1,5.4,17.8,3.32,68.9,64.0,43,160.2,0.9,0.2,58.0,-0.3,-0.2,Non_backed_microlith,"Klíma and Svoboda, 1994",30.7,Moravia,1
Pavlov1_02_04,Pavlov1,5.1,16.6,3.25,62.5,71.0,41,152.4,1.9,5.8,60.7,0.3,0.1,Backed_implements,"Klíma and Svoboda, 1994",30.7,Moravia,1
Pavlov1_02_05,Pavlov1,6.2,23.4,3.81,104.7,70.0,55,190.3,1.0,11.5,49.5,0.4,-0.5,Backed_implements,"Klíma and Svoboda, 1994",30.7,Moravia,1
Pavlov1_03_01,Pavlov1,8.3,48.2,5.82,298.5,66.0,112,266.5,0.5,0.7,42.8,-0.2,-0.5,Borer,"Klíma and Svoboda, 1994",30.7,Moravia,0
Pavlov1_03_02,Pavlov1,9.8,38.8,3.96,281.3,72.0,92,305.7,0.7,1.8,64.1,0.1,-0.0,Non_backed_microlith,"Klíma and Svoboda, 1994",30.7,Moravia,0
Pavlov1_04_01,Pavlov1,9.5,54.9,5.79,387.3,73.0,132,293.4,1.9,5.6,33.3,0.6,-2.4,Non_backed_microlith,"Klíma and Svoboda, 1994",30.7,Moravia,0
Pavlov1_05_01,Pavlov1,6.5,30.1,4.64,145.1,72.0,69,210.3,0.9,2.5,49.8,0.1,-0.6,Non_backed_microlith,"Klíma and Svoboda, 1994",30.7,Moravia,1
Pavlov1_05_02,Pavlov1,5.8,20.3,3.5,80.8,66.0,51,158.4,0.8,0.2,54.9,-0.4,0.1,Non_backed_microlith,"Klíma and Svoboda, 1994",30.7,Moravia,1
Pavlov1_05_03,Pavlov1,5.6,19.6,3.52,76.3,66.0,46,165.8,1.1,3.6,56.5,0.3,0.2,Non_backed_microlith,"Klíma and Svoboda, 1994",30.7,Moravia,1
Pavlov1_05_04,Pavlov1,5.3,18.6,3.49,74.3,71.0,44,168.8,1.6,4.0,53.2,0.3,-0.2,Non_backed_microlith,"Klíma and Svoboda, 1994",30.7,Moravia,1
Pavlov1_05_05,Pavlov1,5.9,20.1,3.42,88.4,71.0,49,180.4,0.9,0.1,62.6,-0.5,-0.1,Non_backed_microlith,"Klíma and Svoboda, 1994",30.7,Moravia,1
Pavlov1_05_06,Pavlov1,5.6,19.5,3.46,79.7,69.0,46,173.3,1.1,3.4,63.5,0.5,-0.2,Non_backed_microlith,"Klíma and Svoboda, 1994",30.7,Moravia,1
Pavlov1_05_07,Pavlov1,4.8,19.2,4.0,68.9,72.0,44,156.6,0.8,8.0,58.8,0.3,-0.1,Non_backed_microlith,"Klíma and Svoboda, 1994",30.7,Moravia,1
Pavlov1_05_08,Pavlov1,7.1,22.6,3.18,117.6,73.0,55,213.9,0.5,0.3,88.0,-0.5,0.5,Non_backed_microlith,"Klíma and Svoboda, 1994",30.7,Moravia,1
Pavlov1_05_09,Pavlov1,4.8,16.2,3.37,55.8,64.0,39,143.2,0.8,11.6,69.8,0.2,0.5,Non_backed_microlith,"Klíma and Svoboda, 1994",30.7,Moravia,1
Pavlov1_05_10,Pavlov1,4.7,16.0,3.37,57.2,68.0,41,139.6,0.9,0.1,75.5,-0.2,0.5,Non_backed_microlith,"Klíma and Svoboda, 1994",30.7,Moravia,1
Pavlov1_05_11,Pavlov1,5.1,17.8,3.48,67.1,70.0,42,159.8,2.1,15.8,45.2,0.3,-0.6,Non_backed_microlith,"Klíma and Svoboda, 1994",30.7,Moravia,1
Pavlov1_05_12,Pavlov1,6.4,26.0,4.06,129.4,72.0,61,212.1,0.4,0.2,113.2,-0.5,1.4,Non_backed_microlith,"Klíma and Svoboda, 1994",30.7,Moravia,1
Pavlov1_05_13,Pavlov1,6.3,21.9,3.5,98.1,68.0,52,188.7,1.1,3.6,56.9,0.4,-0.2,Non_backed_microlith,"Klíma and Svoboda, 1994",30.7,Moravia,1
Pavlov1_05_14,Pavlov1,7.1,23.4,3.3,115.8,68.0,57,203.1,0.9,4.2,61.4,0.4,-0.2,Non_backed_microlith,"Klíma and Svoboda, 1994",30.7,Moravia,1
Pavlov1_05_15,Pavlov1,5.3,23.7,4.43,89.0,68.0,53,168.0,0.9,10.7,43.6,0.5,-0.6,Non_backed_microlith,"Klíma and Svoboda, 1994",30.7,Moravia,1
Pavlov1_05_16,Pavlov1,8.0,23.4,2.91,132.9,70.0,57,233.1,1.1,7.1,59.4,0.7,-0.2,Non_backed_microlith,"Klíma and Svoboda, 1994",30.7,Moravia,1
Pavlov1_05_17,Pavlov1,5.1,15.4,3.01,60.0,72.0,38,158.0,2.3,2.2,67.1,0.2,-0.2,Non_backed_microlith,"Klíma and Svoboda, 1994",30.7,Moravia,1
Pavlov1_05_18,Pavlov1,6.0,17.6,2.95,79.6,74.0,42,189.6,1.8,3.9,61.9,0.2,-0.2,Non_backed_microlith,"Klíma and Svoboda, 1994",30.7,Moravia,1
Pavlov1_05_19,Pavlov1,8.9,28.4,3.18,174.1,67.0,68,256.1,0.8,0.2,62.6,-0.7,0.5,Non_backed_microlith,"Klíma and Svoboda, 1994",30.7,Moravia,1
Pavlov1_05_20,Pavlov1,8.9,28.8,3.22,186.2,69.0,70,266.0,0.6,0.3,79.6,-0.8,0.3,Non_backed_microlith,"Klíma and Svoboda, 1994",30.7,Moravia,1
Pavlov1_05_21,Pavlov1,5.4,19.3,3.56,70.7,60.0,46,153.7,1.7,5.5,53.7,0.5,-0.2,Non_backed_microlith,"Klíma and Svoboda, 1994",30.7,Moravia,1
Pavlov1_05_22,Pavlov1,7.9,29.2,3.71,163.4,66.0,70,233.4,0.6,0.0,64.7,-0.8,0.9,Non_backed_microlith,"Klíma and Svoboda, 1994",30.7,Moravia,1
Pavlov1_05_23,Pavlov1,5.1,20.6,4.03,81.3,73.0,49,165.9,1.5,2.5,50.6,0.2,-0.2,Non_backed_microlith,"Klíma and Svoboda, 1994",30.7,Moravia,1
Pavlov1_05_24,Pavlov1,5.6,21.0,3.77,88.9,73.0,50,177.8,0.4,0.3,99.5,-0.3,0.6,Non_backed_microlith,"Klíma and Svoboda, 1994",30.7,Moravia,1
Pavlov1_05_25,Pavlov1,6.0,19.0,3.15,74.3,61.0,46,161.5,2.0,2.0,55.0,0.5,-0.5,Non_backed_microlith,"Klíma and Svoboda, 1994",30.7,Moravia,1
Pavlov1_05_26,Pavlov1,5.6,19.6,3.47,81.2,73.0,46,176.6,0.5,0.3,79.1,-0.5,0.5,Non_backed_microlith,"Klíma and Svoboda, 1994",30.7,Moravia,1
Pavlov1_06_01,Pavlov1,6.5,20.3,3.14,97.0,74.0,48,202.2,1.8,1.9,57.4,0.2,-0.1,Non_backed_microlith,"Klíma and Svoboda, 1994",30.7,Moravia,1
Pavlov1_06_02,Pavlov1,5.8,21.5,3.71,86.5,66.0,52,166.3,2.4,10.2,43.1,0.6,-0.8,Non_backed_microlith,"Klíma and Svoboda, 1994",30.7,Moravia,1
Pavlov1_06_03,Pavlov1,6.3,26.1,4.16,117.3,70.0,60,195.5,2.5,3.8,45.1,0.5,-0.6,Non_backed_microlith,"Klíma and Svoboda, 1994",30.7,Moravia,1
Pavlov1_06_04,Pavlov1,7.2,26.7,3.73,143.7,72.0,62,231.8,1.3,0.4,59.8,-0.3,-0.5,Non_backed_microlith,"Klíma and Svoboda, 1994",30.7,Moravia,1
Pavlov1_06_05,Pavlov1,6.5,22.7,3.52,111.7,75.0,54,206.8,0.4,0.2,90.2,-0.5,0.6,Non_backed_microlith,"Klíma and Svoboda, 1994",30.7,Moravia,1
Pavlov1_06_06,Pavlov1,7.2,21.9,3.03,119.7,65.0,56,213.7,0.7,0.5,63.0,-0.1,-0.7,Non_backed_microlith,"Klíma and Svoboda, 1994",30.7,Moravia,0
Pavlov1_06_07,Pavlov1,6.1,20.8,3.44,103.8,77.0,50,207.7,1.9,9.4,61.8,0.3,0.0,Non_backed_microlith,"Klíma and Svoboda, 1994",30.7,Moravia,1
Pavlov1_07_01,Pavlov1,5.4,20.4,3.81,78.3,66.0,49,159.8,1.3,2.8,42.2,0.0,-0.9,Non_backed_microlith,"Klíma and Svoboda, 1994",30.7,Moravia,1
Pavlov1_07_02,Pavlov1,5.7,25.4,4.47,103.2,70.0,60,172.0,2.0,2.1,40.9,0.2,-0.9,Backed_implements,"Klíma and Svoboda, 1994",30.7,Moravia,1
Pavlov1_07_03,Pavlov1,6.1,23.5,3.82,115.3,69.0,55,209.6,0.4,0.2,81.5,-0.3,0.3,Backed_implements,"Klíma and Svoboda, 1994",30.7,Moravia,0
Pavlov1_07_04,Pavlov1,7.1,40.4,5.7,219.9,71.0,92,239.0,0.6,2.6,47.9,0.2,-0.9,Non_backed_microlith,"Klíma and Svoboda, 1994",30.7,Moravia,1
Pavlov1_07_05,Pavlov1,6.3,42.4,6.72,216.7,84.0,102,212.5,0.9,0.6,48.3,0.2,-0.7,Non_backed_microlith,"Klíma and Svoboda, 1994",30.7,Moravia,1
Pavlov1_08_01,Pavlov1,5.5,15.5,2.82,59.6,67.0,39,152.9,0.9,57.7,54.9,0.4,-0.2,Non_backed_microlith,"Klíma and Svoboda, 1994",30.7,Moravia,1
Pavlov1_08_02,Pavlov1,5.2,15.6,2.99,61.6,75.0,38,162.2,0.6,7.0,75.2,0.4,-0.1,Non_backed_microlith,"Klíma and Svoboda, 1994",30.7,Moravia,1
Pavlov1_08_03,Pavlov1,5.2,17.6,3.35,65.7,69.0,42,156.4,1.7,4.8,53.7,0.4,-0.2,Non_backed_microlith,"Klíma and Svoboda, 1994",30.7,Moravia,1
Pavlov1_08_04,Pavlov1,5.2,19.1,3.65,73.6,69.0,46,160.0,1.7,0.3,47.9,-0.3,-0.5,Non_backed_microlith,"Klíma and Svoboda, 1994",30.7,Moravia,1
Pavlov1_08_05,Pavlov1,5.8,18.5,3.18,74.1,66.0,45,164.6,1.0,0.1,60.2,-0.6,0.3,Non_backed_microlith,"Klíma and Svoboda, 1994",30.7,Moravia,1
Pavlov1_09_01,Pavlov1,4.8,20.2,4.17,69.2,69.0,47,147.3,2.0,5.9,43.8,0.3,-0.3,Non_backed_microlith,"Klíma and Svoboda, 1994",30.7,Moravia,1
Pavlov1_09_02,Pavlov1,6.5,24.6,3.82,118.4,69.0,61,194.1,3.1,10.1,44.5,0.3,-0.9,Bilaterally_retouched_pointed_blade,"Klíma and Svoboda, 1994",30.7,Moravia,1
Pavlov1_09_03,Pavlov1,6.9,26.4,3.84,130.6,65.0,63,207.3,2.1,50.2,42.1,0.2,-0.9,Bilaterally_retouched_pointed_blade,"Klíma and Svoboda, 1994",30.7,Moravia,1
Petrkovice1a_01_01,Petrkovice1a,15.2,50.3,3.32,563.9,70.0,119,473.9,1.0,1.0,62.3,-0.3,-0.9,Shouldered_point,"Novák, 2008",27.5,Moravia,0
Petrkovice1a_01_02,Petrkovice1a,11.9,31.6,2.67,256.0,66.0,81,316.0,4.9,0.5,38.7,-1.0,-3.4,Shouldered_point,"Novák, 2008",27.5,Moravia,1
Petrkovice1a_01_03,Petrkovice1a,16.5,57.6,3.48,671.3,67.0,137,490.0,1.2,0.8,54.9,0.6,-0.7,Point,"Novák, 2008",27.5,Moravia,1
Petrkovice1a_01_04,Petrkovice1a,12.7,37.7,2.96,364.1,72.0,93,391.5,3.6,1.1,56.1,0.0,-1.8,Bilaterally_retouched_pointed_blade,"Novák, 2008",27.5,Moravia,1
Petrkovice1a_01_05,Petrkovice1a,26.5,61.5,2.32,1090.6,64.0,158,690.3,1.3,2.9,54.7,1.8,-3.5,Bilaterally_retouched_pointed_blade,"Novák, 2008",27.5,Moravia,0
Petrkovice1a_01_06,Petrkovice1a,21.1,61.5,2.91,987.5,71.0,155,637.1,0.7,0.7,84.2,-0.1,0.0,Point,"Novák, 2008",27.5,Moravia,0
Petrkovice1a_01_07,Petrkovice1a,19.0,51.0,2.69,700.9,72.0,123,569.8,1.1,0.4,63.5,-0.6,-2.3,Bilaterally_retouched_pointed_blade,"Novák, 2008",27.5,Moravia,0
Petrkovice1a_01_08,Petrkovice1a,14.7,59.8,4.07,632.7,72.0,138,458.5,0.6,0.3,73.1,-1.2,1.4,Microgravette_point,"Novák, 2008",27.5,Moravia,0
Petrkovice1a_01_09,Petrkovice1a,31.3,76.2,2.44,1773.7,73.0,189,938.5,1.5,0.4,71.1,-1.2,-2.5,Microgravette_point,"Novák, 2008",27.5,Moravia,0
Petrkovice1a_01_10,Petrkovice1a,5.6,34.4,6.17,145.7,71.0,76,191.8,2.6,6.7,34.6,0.1,-0.7,Bilaterally_retouched_pointed_blade,"Novák, 2008",27.5,Moravia,1
Petrkovice1a_01_11,Petrkovice1a,4.5,21.2,4.7,66.9,68.0,49,136.5,1.9,1.1,36.8,0.0,-0.9,Microgravette_point,"Novák, 2008",27.5,Moravia,1
Petrkovice1a_01_12,Petrkovice1a,31.4,82.1,2.62,1817.2,68.0,200,908.6,1.4,1.1,68.7,0.8,-1.2,Microgravette_point,"Novák, 2008",27.5,Moravia,0
Petrkovice1a_01_13,Petrkovice1a,5.4,32.3,5.97,130.5,69.0,74,176.3,1.9,3.5,31.3,0.2,-1.3,Bilaterally_retouched_pointed_blade,"Novák, 2008",27.5,Moravia,1
Petrkovice1a_01_14,Petrkovice1a,4.8,28.5,5.88,102.5,62.0,64,160.2,1.7,5.0,28.3,0.1,-1.5,Microgravette_point,"Novák, 2008",27.5,Moravia,1
Petrkovice1a_01_15,Petrkovice1a,20.1,53.5,2.67,797.5,74.0,138,577.9,3.1,1.1,58.4,-0.2,-3.5,Gravette_point,"Novák, 2008",27.5,Moravia,0
Petrkovice1a_01_16,Petrkovice1a,4.4,31.2,7.04,104.6,61.0,70,149.4,2.6,8.9,27.7,-0.1,-0.9,Saw,"Novák, 2008",27.5,Moravia,1
Predmosti1b_01_01,Predmosti1b,19.5,68.9,3.53,889.6,65.0,167,532.7,2.4,1.1,42.3,-0.2,-3.9,Awl,"Absolon et al., 1977",30.9,Moravia,0
Predmosti1b_01_02,Predmosti1b,14.4,63.9,4.44,648.4,68.0,151,429.4,1.1,1.0,48.1,0.1,-0.8,Awl,"Absolon et al., 1977",30.9,Moravia,1
Predmosti1b_01_03,Predmosti1b,5.6,26.6,4.73,127.4,79.0,65,196.0,0.7,0.6,67.4,-0.2,-0.4,Point_on_curved_axis,"Absolon et al., 1977",30.9,Moravia,0
Predmosti1b_01_04,Predmosti1b,7.0,31.4,4.48,171.9,75.0,73,235.4,1.1,0.9,53.1,-0.2,-0.5,Gravette_point,"Absolon et al., 1977",30.9,Moravia,0
Predmosti1b_01_05,Predmosti1b,8.6,45.0,5.22,290.5,75.0,105,276.6,2.4,1.9,39.7,-0.1,-1.4,Awl,"Absolon et al., 1977",30.9,Moravia,0
Predmosti1b_01_06,Predmosti1b,19.1,76.8,4.01,1030.3,69.0,176,585.4,2.1,1.4,39.0,0.2,-3.2,Point_on_curved_axis,"Absolon et al., 1977",30.9,Moravia,1
Predmosti1b_01_07,Predmosti1b,7.5,34.2,4.57,186.7,68.0,82,227.7,4.4,0.7,32.2,-0.5,-2.1,Gravette_point,"Absolon et al., 1977",30.9,Moravia,1
Predmosti1b_01_08,Predmosti1b,6.1,27.4,4.47,114.2,66.0,62,184.2,1.9,23.5,34.9,0.5,-0.8,Awl,"Absolon et al., 1977",30.9,Moravia,1
Predmosti1b_01_09,Predmosti1b,7.4,42.5,5.76,227.8,70.0,98,232.5,1.1,0.8,39.8,-0.2,-0.8,Awl,"Absolon et al., 1977",30.9,Moravia,1
Predmosti1b_01_10,Predmosti1b,9.6,41.8,4.34,303.8,73.0,95,319.8,1.5,1.0,48.4,-0.2,-1.0,Gravette_point,"Absolon et al., 1977",30.9,Moravia,1
Predmosti1b_01_11,Predmosti1b,11.1,37.0,3.33,236.5,56.0,90,262.8,3.6,3.4,40.2,1.4,-1.8,Awl,"Absolon et al., 1977",30.9,Moravia,0
Predmosti1b_01_12,Predmosti1b,16.5,58.8,3.56,735.1,74.0,143,514.1,2.9,0.8,48.6,-0.1,-3.4,Awl,"Absolon et al., 1977",30.9,Moravia,0
Predmosti1b_01_13,Predmosti1b,7.6,23.8,3.11,137.4,77.0,56,245.4,1.1,2.4,68.3,0.4,-0.1,Awl,"Absolon et al., 1977",30.9,Moravia,0
Predmosti1b_01_14,Predmosti1b,12.1,37.5,3.09,288.9,60.0,92,314.0,0.7,1.4,54.6,0.6,-0.8,Gravette_point,"Absolon et al., 1977",30.9,Moravia,1
Predmosti1b_01_15,Predmosti1b,7.9,39.0,4.95,227.0,72.0,87,260.9,1.8,2.3,37.0,0.1,-1.2,Gravette_point,"Absolon et al., 1977",30.9,Moravia,1
Predmosti1b_01_16,Predmosti1b,15.1,56.9,3.76,632.5,72.0,132,479.2,1.6,1.5,49.6,-0.1,-1.5,Notched_piece,"Absolon et al., 1977",30.9,Moravia,1
Predmosti1b_01_17,Predmosti1b,9.6,45.4,4.71,312.1,70.0,107,291.7,0.9,1.4,47.4,0.1,-1.0,Awl,"Absolon et al., 1977",30.9,Moravia,1
Predmosti1b_01_18,Predmosti1b,18.6,55.0,2.95,773.4,74.0,144,537.0,1.9,2.7,59.3,0.4,-2.6,Awl,"Absolon et al., 1977",30.9,Moravia,0
Predmosti1b_01_19,Predmosti1b,10.2,34.1,3.33,224.6,63.0,79,284.3,1.9,1.3,44.5,0.0,-1.0,Gravette_point,"Absolon et al., 1977",30.9,Moravia,1
Predmosti1b_01_20,Predmosti1b,9.0,45.4,5.04,286.2,69.0,102,280.6,1.0,1.2,43.3,0.4,-0.6,Awl,"Absolon et al., 1977",30.9,Moravia,1
Predmosti1b_01_21,Predmosti1b,9.9,39.5,4.0,284.9,71.0,90,316.6,2.4,0.9,43.3,-0.4,-1.8,Awl,"Absolon et al., 1977",30.9,Moravia,1
Predmosti1b_01_22,Predmosti1b,11.5,34.1,2.97,261.5,66.0,81,322.8,1.6,1.0,50.9,0.0,-1.2,Microlith,"Absolon et al., 1977",30.9,Moravia,1
Predmosti1b_01_23,Predmosti1b,8.6,44.5,5.16,310.0,76.0,103,301.0,2.4,1.0,48.3,-0.1,-0.6,Microgravette_point,"Absolon et al., 1977",30.9,Moravia,1
Predmosti1b_01_24,Predmosti1b,9.1,10.6,1.16,76.3,78.0,36,212.0,0.9,0.2,117.6,-0.5,0.0,Flechette,"Absolon et al., 1977",30.9,Moravia,0
Willendorf5_01_01,Willendorf5,4.1,30.0,7.28,98.5,65.0,66,149.3,1.9,12.6,34.1,0.1,-0.3,Microgravette_point,"Moreau, 2010",31.5,Lower Austria,1
Willendorf5_01_02,Willendorf5,7.3,18.2,2.51,92.7,71.0,45,206.1,2.5,1.8,52.1,0.4,-1.3,Flechette,"Moreau, 2010",31.5,Lower Austria,0
Willendorf5_01_03,Willendorf5,4.1,15.6,3.85,47.2,72.0,36,131.2,1.2,0.5,61.9,-0.3,0.0,Microgravette_point,"Moreau, 2012",31.5,Lower Austria,1
Willendorf5_01_04,Willendorf5,9.2,19.7,2.15,115.7,63.0,50,231.3,0.7,1.0,91.3,0.1,0.4,Double_backed_point,"Moreau, 2010",31.5,Lower Austria,0
Willendorf5_01_05,Willendorf5,5.5,25.6,4.69,101.9,64.0,60,169.8,1.2,7.2,41.7,0.2,-1.0,Microgravette_point,"Moreau, 2010",31.5,Lower Austria,1
Willendorf5_01_06,Willendorf5,3.5,17.7,5.12,51.8,83.0,43,120.5,1.1,0.8,51.5,-0.1,-0.5,Microlith,"Moreau, 2012",31.5,Lower Austria,1
Willendorf5_01_07,Willendorf5,3.5,14.5,4.19,38.4,71.0,33,116.3,1.3,4.7,53.9,0.2,0.1,Microgravette_point,"Moreau, 2010",31.5,Lower Austria,1
Willendorf5_01_08,Willendorf5,4.6,25.1,5.45,86.7,75.0,55,157.6,1.1,0.7,41.3,-0.2,-0.6,Microgravette_point,"Otte, 1991",31.5,Lower Austria,1
Willendorf5_01_09,Willendorf5,3.0,22.2,7.49,50.8,75.0,48,105.9,1.8,2.5,31.2,0.0,-0.4,Double_backed_point,"Moreau, 2010",31.5,Lower Austria,1
Willendorf5_01_10,Willendorf5,4.7,17.2,3.64,59.8,72.0,40,149.4,1.3,3.6,54.6,0.3,-0.2,Microlith,"Moreau, 2010",31.5,Lower Austria,1
Willendorf5_01_11,Willendorf5,4.1,17.7,4.36,58.1,78.0,43,135.1,1.7,1.8,55.3,0.0,-0.2,Microgravette_point,"Moreau, 2010",31.5,Lower Austria,1
Willendorf5_01_12,Willendorf5,3.9,18.5,4.69,56.9,76.0,41,138.8,0.8,1.4,55.4,-0.1,-0.2,Microlith,"Otte, 1991",31.5,Lower Austria,1
Willendorf5_01_13,Willendorf5,4.2,19.6,4.63,68.7,87.0,49,140.3,0.7,0.9,5.3,-0.3,-0.1,Double_backed_point,"Moreau, 2010",31.5,Lower Austria,0
Willendorf5_01_14,Willendorf5,5.3,26.9,5.1,110.4,67.0,60,184.0,1.6,6.2,46.0,0.2,-0.2,Microgravette_point,"Otte, 1991",31.5,Lower Austria,1
Willendorf5_01_15,Willendorf5,3.5,24.5,7.09,68.3,84.0,53,128.9,1.4,0.6,35.4,-0.2,-0.7,Microlith,"Moreau, 2010",31.5,Lower Austria,1
Willendorf5_01_16,Willendorf5,5.2,29.2,5.66,109.9,75.0,65,169.0,0.9,16.0,42.3,0.5,0.1,Microgravette_point,"Moreau, 2010",31.5,Lower Austria,1
Willendorf5_01_17,Willendorf5,7.3,18.3,2.5,97.0,72.0,48,202.2,2.4,2.9,59.3,0.3,-1.0,Flechette,"Otte, 1991",31.5,Lower Austria,0
Willendorf5_01_18,Willendorf5,4.9,28.4,5.78,106.9,67.0,64,167.0,0.7,3.3,53.5,0.1,0.0,Microgravette_point,"Moreau, 2010",31.5,Lower Austria,1
Willendorf5_01_19,Willendorf5,10.7,46.4,4.35,375.5,78.0,111,338.3,3.5,2.0,42.9,0.5,-1.9,Retouched_blade,"Moreau, 2010",31.5,Lower Austria,0
Willendorf5_01_20,Willendorf5,4.0,26.9,6.73,87.9,66.0,60,146.5,0.6,5.6,43.3,0.0,-0.8,Retouched_blade,"Moreau, 2010",31.5,Lower Austria,1
Willendorf6_01_01,Willendorf6,23.5,76.1,3.24,1253.5,69.0,185,677.6,2.0,2.2,44.1,0.8,-5.1,Gravette_point,"Felgenhauer, 1959 ",30.5,Lower Austria,0
Willendorf6_01_02,Willendorf6,15.7,57.6,3.67,678.6,72.0,141,481.3,1.2,0.8,46.0,-0.2,-2.4,Retouched_blade,"Felgenhauer, 1959 ",30.5,Lower Austria,0
Willendorf6_01_03,Willendorf6,8.0,59.4,7.44,366.7,71.0,130,282.1,1.8,4.5,32.7,0.3,0.0,Microgravette_point,"Otte, 1981",30.5,Lower Austria,1
Willendorf6_01_04,Willendorf6,13.2,47.4,3.59,480.9,77.0,110,437.1,1.4,0.8,51.7,-0.2,-1.9,Gravette_point,"Felgenhauer, 1959",30.5,Lower Austria,0
Willendorf6_01_05,Willendorf6,6.7,36.4,5.46,180.8,64.0,82,220.5,1.9,0.3,41.7,-0.1,-0.6,Bifacial_point,"Otte, 1981",30.5,Lower Austria,1
Willendorf6_01_06,Willendorf6,6.8,29.1,4.28,151.5,83.0,67,226.1,6.6,1.8,37.4,0.3,-1.9,Blade_with_Aurignacian_retouch,"Felgenhauer, 1959",30.5,Lower Austria,1
Willendorf6_01_07,Willendorf6,29.0,84.2,2.91,1697.5,68.0,204,832.1,4.4,1.3,43.6,0.3,-6.7,Gravette_point,"Otte, 1981",30.5,Lower Austria,0
Willendorf6_01_08,Willendorf6,20.5,72.8,3.56,981.5,65.0,173,567.3,2.3,0.8,39.3,-0.6,-4.0,Mousterian_point,"Felgenhauer, 1959",30.5,Lower Austria,0
Willendorf6_01_09,Willendorf6,7.2,37.7,5.22,198.1,66.0,85,233.0,1.6,0.2,43.4,-0.2,-0.6,Blade_with_endretouch,"Felgenhauer, 1959",30.5,Lower Austria,1
Willendorf6_01_10,Willendorf6,26.6,47.8,1.8,855.3,67.0,129,663.0,2.1,1.2,64.4,0.2,-3.8,Gravette_point,"Otte, 1981",30.5,Lower Austria,0
Willendorf6_01_11,Willendorf6,11.2,39.2,3.51,312.9,65.0,91,343.9,0.8,2.4,50.1,0.5,-1.2,Retouched_blade,"Felgenhauer, 1959",30.5,Lower Austria,0
Willendorf6_01_12,Willendorf6,9.0,64.5,7.15,418.3,71.0,147,284.6,0.7,0.5,37.4,-0.2,0.2,Pointed_blade,"Felgenhauer, 1959",30.5,Lower Austria,1
Willendorf7_01_01,Willendorf7,22.3,94.4,4.23,1492.4,70.0,214,697.4,1.5,0.5,50.1,-1.2,-0.3,Microlith,"Felgenhauer, 1959",30.0,Lower Austria,0
Willendorf7_01_02,Willendorf7,19.6,64.9,3.31,1008.6,76.0,156,646.5,1.4,0.8,62.0,0.0,-2.3,Double_pointed_blade,"Otte, 1981",30.0,Lower Austria,0
Willendorf7_01_03,Willendorf7,4.8,33.2,6.85,122.8,71.0,73,168.2,1.7,0.7,35.8,-0.1,-0.2,Retouched_blade,"Felgenhauer, 1959",30.0,Lower Austria,1
Willendorf7_01_04,Willendorf7,20.0,54.7,2.74,766.8,69.0,131,585.4,1.1,1.5,77.6,0.4,0.6,Double_pointed_blade,"Otte, 1991",30.0,Lower Austria,0
Willendorf7_01_05,Willendorf7,21.0,87.0,4.14,1262.3,67.0,209,604.0,2.9,1.2,41.4,0.1,-5.6,Retouched_blade,"Felgenhauer, 1959",30.0,Lower Austria,0
Willendorf7_01_06,Willendorf7,23.7,91.3,3.85,1600.0,66.0,220,727.3,0.7,5.5,74.1,1.3,2.1,Microgravette_point,"Otte, 1981",30.0,Lower Austria,0
Willendorf7_01_07,Willendorf7,22.1,79.5,3.59,1198.3,64.0,190,630.7,3.0,1.8,38.4,0.1,-4.6,Point_on_mousterian_flake,"Felgenhauer, 1959",30.0,Lower Austria,0
Willendorf7_01_08,Willendorf7,4.8,27.2,5.6,95.8,72.0,61,157.1,1.7,2.7,38.9,0.3,-0.6,Microgravette_point,"Otte, 1981",30.0,Lower Austria,1
Willendorf7_01_09,Willendorf7,17.8,39.8,2.24,494.5,67.0,100,494.5,1.6,0.7,65.3,-0.1,-1.2,Retouched_blade,"Otte, 1981",30.0,Lower Austria,0
Willendorf7_01_10,Willendorf7,4.9,32.6,6.59,127.4,73.0,75,169.8,0.9,2.8,46.6,0.1,0.0,Point_on_mousterian_flake,"Otte, 1981",30.0,Lower Austria,1
Willendorf7_01_11,Willendorf7,13.3,35.5,2.66,317.6,65.0,87,365.1,0.8,0.4,73.3,-0.6,0.7,Backed_blade,"Felgenhauer, 1959",30.0,Lower Austria,0
Willendorf7_01_12,Willendorf7,35.1,45.5,1.3,986.3,61.0,135,730.6,2.5,1.3,76.6,0.8,-3.2,Ventral_retouched_blade,"Otte, 1981",30.0,Lower Austria,0
Willendorf7_01_13,Willendorf7,10.5,31.9,3.04,244.7,72.0,76,322.0,1.4,1.7,65.6,0.3,-0.8,Pointed_blade,"Otte, 1981",30.0,Lower Austria,0
Willendorf7_01_14,Willendorf7,8.4,29.5,3.52,174.8,63.0,71,246.3,7.3,0.1,38.9,-0.9,-1.7,Pointed_blade,"Felgenhauer, 1959",30.0,Lower Austria,0
Willendorf7_01_15,Willendorf7,16.5,38.1,2.31,455.8,69.0,99,460.4,4.5,0.7,53.2,0.3,-2.6,Microgravette_point,"Otte, 1981",30.0,Lower Austria,0
Willendorf7_01_16,Willendorf7,16.4,43.3,2.65,457.6,63.0,112,408.6,4.9,1.0,39.0,0.3,-4.2,Retouched_blade,"Otte, 1981",30.0,Lower Austria,0
Willendorf7_01_17,Willendorf7,3.9,26.9,6.82,85.7,73.0,63,136.0,2.4,2.5,35.0,0.2,-0.4,Pointed_blade,"Felgenhauer, 1959",30.0,Lower Austria,1
Willendorf8_01_01,Willendorf8,14.5,56.8,3.9,615.3,68.0,132,466.1,2.5,2.9,46.1,0.5,-1.7,Microgravette_point,"Felgenhauer, 1959",29.6,Lower Austria,0
Willendorf8_01_02,Willendorf8,19.0,53.4,2.82,728.5,71.0,133,547.8,3.0,1.0,61.6,0.8,-1.6,Blade_with_Aurignacian_retouch,"Otte, 1981",29.6,Lower Austria,0
Willendorf8_01_03,Willendorf8,2.7,16.4,6.0,31.8,74.0,36,88.4,1.2,0.7,44.8,-0.4,-0.5,Retouched_bladelet,"Felgenhauer, 1959",29.6,Lower Austria,1
Willendorf8_01_04,Willendorf8,18.6,64.4,3.47,790.5,64.0,157,503.5,2.2,1.3,34.4,0.5,-4.8,Pointed_blade,"Felgenhauer, 1959",29.6,Lower Austria,0
Willendorf8_01_05,Willendorf8,9.0,33.4,3.72,222.1,68.0,79,281.2,2.4,0.4,49.7,-0.8,-1.4,Point_with_flat_retouch,"Felgenhauer, 1959",29.6,Lower Austria,0
Willendorf8_01_06,Willendorf8,14.7,50.3,3.42,562.1,75.0,118,476.4,1.0,0.3,68.9,-1.0,0.1,Retouched_blade,"Otte, 1981",29.6,Lower Austria,0
Willendorf8_01_07,Willendorf8,25.7,75.6,2.94,1328.4,68.0,183,725.9,3.1,1.4,50.4,1.0,-4.2,Pointed_blade,"Otte, 1981",29.6,Lower Austria,0
Willendorf8_01_08,Willendorf8,16.2,52.7,3.25,582.8,66.0,126,462.6,1.7,2.3,55.3,0.9,-1.2,Retouched_blade an stumpfem Ende,"Felgenhauer, 1959",29.6,Lower Austria,0
Willendorf8_01_09,Willendorf8,13.6,53.9,3.95,522.3,73.0,131,398.7,1.3,0.5,43.2,-1.0,-3.0,Pointed_blade,"Otte, 1981",29.6,Lower Austria,0
Willendorf8_01_10,Willendorf8,20.4,40.0,1.96,608.3,68.0,112,543.1,2.8,0.3,76.7,-1.7,-1.8,Blade_with_Aurignacian_retouch,"Otte, 1981",29.6,Lower Austria,0
Willendorf8_01_11,Willendorf8,14.5,44.7,3.07,525.1,71.0,113,464.7,0.7,1.9,75.5,0.8,-1.6,Retouched_flake,"Otte, 1981",29.6,Lower Austria,0
Willendorf8_01_12,Willendorf8,11.6,63.6,5.51,565.7,74.0,143,395.6,0.7,0.9,55.4,-0.1,0.1,Double_Pointed_blade,"Felgenhauer, 1959",29.6,Lower Austria,0
Willendorf8_01_13,Willendorf8,26.1,37.4,1.43,575.9,59.0,114,505.2,4.5,2.7,51.4,2.6,-4.4,Pointed_blade,"Felgenhauer, 1959",29.6,Lower Austria,0
Willendorf8_01_14,Willendorf8,18.6,51.7,2.78,655.5,65.0,130,504.2,1.6,6.2,55.6,1.6,-1.7,Pointed_blade,"Otte, 1981",29.6,Lower Austria,0
Willendorf8_01_15,Willendorf8,14.5,54.9,3.78,624.6,70.0,129,484.2,1.4,1.0,58.4,0.3,-1.7,Microgravette_point,"Otte, 1981",29.6,Lower Austria,0
Willendorf8_01_16,Willendorf8,14.7,54.0,3.68,546.6,68.0,126,433.8,0.8,1.0,66.1,0.1,0.1,Microgravette_point,"Otte, 1981",29.6,Lower Austria,0
Willendorf8_01_17,Willendorf8,5.7,19.2,3.36,79.4,73.0,48,165.4,1.3,6.3,48.9,0.5,-1.0,Microlith,"Felgenhauer, 1959",29.6,Lower Austria,1
Willendorf8_01_18,Willendorf8,5.7,38.8,6.8,177.8,77.0,89,199.7,1.4,1.0,44.2,0.0,0.1,Microlith,"Otte, 1981",29.6,Lower Austria,1
Willendorf8_01_19,Willendorf8,7.0,24.4,3.48,117.1,67.0,59,198.4,0.8,0.4,68.2,-0.4,0.4,Pointed_blade,"Felgenhauer, 1959",29.6,Lower Austria,0
Willendorf8_01_20,Willendorf8,5.8,19.1,3.27,80.5,70.0,47,171.3,1.3,3.5,55.2,0.3,-0.9,Flechette,"Otte, 1981",29.6,Lower Austria,0
Willendorf8_01_21,Willendorf8,13.0,34.8,2.68,328.6,71.0,85,386.6,1.1,0.7,72.7,-0.9,-0.5,Gravette_blade,"Otte, 1981",29.6,Lower Austria,0
Willendorf8_01_22,Willendorf8,9.1,36.9,4.06,239.5,70.0,84,285.1,3.3,1.0,41.3,-0.1,-1.3,Double_Pointed_blade,"Otte, 1981",29.6,Lower Austria,0
Willendorf8_01_23,Willendorf8,5.7,37.0,6.48,183.2,83.0,90,203.6,2.4,5.3,40.6,-0.1,-0.5,Pointed_blade,"Felgenhauer, 1959",29.6,Lower Austria,0
Willendorf8_01_24,Willendorf8,18.8,45.5,2.41,560.6,64.0,116,483.3,0.9,1.0,84.1,-0.1,1.0,Gravette_point,"Otte, 1981",29.6,Lower Austria,0
Willendorf8_01_25,Willendorf8,21.4,56.1,2.62,909.3,73.0,141,644.9,2.2,0.5,59.1,0.0,-2.9,Mousterian_point,"Otte, 1981",29.6,Lower Austria,0
Willendorf8_01_26,Willendorf8,7.1,33.2,4.65,177.4,71.0,80,221.8,1.6,8.2,43.4,0.1,-0.6,Retouched_blade,"Felgenhauer, 1959",29.6,Lower Austria,1
Willendorf8_01_27,Willendorf8,27.3,45.1,1.65,862.3,69.0,126,684.3,2.2,1.2,78.1,0.4,-2.5,Blade_with_endretouch,"Otte, 1981",29.6,Lower Austria,0
Willendorf9_01_01,Willendorf9,14.1,55.1,3.91,579.0,69.0,135,428.9,2.6,3.6,38.1,0.7,-3.3,Retouched_blade,"Felgenhauer, 1959",29.1,Lower Austria,0
Willendorf9_01_02,Willendorf9,13.5,39.2,2.9,388.6,73.0,98,396.5,2.2,0.7,57.8,0.3,-1.8,Atypical_shouldered_point,"Felgenhauer, 1959",29.1,Lower Austria,0
Willendorf9_01_03,Willendorf9,16.2,53.2,3.27,674.7,76.0,127,531.3,1.0,0.9,74.4,-0.3,-0.6,Gravette_blade,"Felgenhauer, 1959",29.1,Lower Austria,0
Willendorf9_01_04,Willendorf9,8.1,25.1,3.11,133.3,60.0,61,218.5,0.3,1.1,90.0,0.5,0.5,Gravette_point,"Felgenhauer, 1959",29.1,Lower Austria,0
Willendorf9_01_05,Willendorf9,16.7,50.9,3.05,640.6,73.0,129,496.6,1.9,1.0,63.2,0.1,-1.6,Retouched_blade,"Felgenhauer, 1959",29.1,Lower Austria,0
Willendorf9_01_06,Willendorf9,11.5,53.7,4.68,483.2,64.0,127,380.5,2.6,0.5,38.3,-0.1,-2.5,Shouldered_point,"Felgenhauer, 1959",29.1,Lower Austria,1
Willendorf9_01_07,Willendorf9,16.5,35.7,2.17,395.9,66.0,90,439.9,0.9,0.9,71.1,-0.3,-1.2,Gravette_point,"Felgenhauer, 1959",29.1,Lower Austria,0
Willendorf9_01_08,Willendorf9,13.7,50.2,3.65,509.2,70.0,126,404.1,0.4,1.1,68.5,0.2,-0.3,Microlith,"Otte, 1981",29.1,Lower Austria,0
Willendorf9_01_09,Willendorf9,11.8,23.1,1.95,200.5,67.0,65,308.5,5.2,0.2,77.1,-0.9,-0.9,Retouched_blade,"Felgenhauer, 1959",29.1,Lower Austria,0
Willendorf9_01_10,Willendorf9,4.2,23.7,5.65,75.7,75.0,55,137.7,1.7,0.9,32.1,-0.2,-0.8,Microgravette_point,"Felgenhauer, 1959",29.1,Lower Austria,0
Willendorf9_01_11,Willendorf9,21.1,70.5,3.33,1147.2,69.0,174,659.3,2.1,2.9,51.9,1.0,-3.6,Blade_with_Aurignacian_retouch,"Felgenhauer, 1959",29.1,Lower Austria,0
Willendorf9_01_12,Willendorf9,6.4,47.4,7.45,230.7,70.0,104,221.8,1.6,1.3,32.7,-0.1,-0.3,Atypical_shouldered_point,"Otte, 1981",29.1,Lower Austria,1
Willendorf9_01_13,Willendorf9,16.0,49.9,3.11,514.1,64.0,121,424.8,2.3,1.1,41.1,0.2,-3.1,Shouldered_point,"Felgenhauer, 1959",29.1,Lower Austria,0
Willendorf9_01_14,Willendorf9,11.2,30.0,2.67,234.7,68.0,78,301.0,1.8,0.5,56.2,-0.8,-1.2,Retouched_blade,"Felgenhauer, 1959",29.1,Lower Austria,0
Willendorf9_01_15,Willendorf9,11.2,30.2,2.69,235.5,68.0,75,314.0,1.1,1.2,60.3,0.5,-1.5,Retouched_blade,"Otte, 1981",29.1,Lower Austria,1
Willendorf9_01_16,Willendorf9,15.5,60.5,3.91,672.6,72.0,140,480.4,0.8,0.9,60.1,-0.6,-0.1,Shouldered_point,"Felgenhauer, 1959",29.1,Lower Austria,0
Willendorf9_01_17,Willendorf9,16.5,61.1,3.71,683.6,65.0,143,478.1,1.0,0.6,51.0,-0.6,-0.7,atypical_shouldered_point,"Felgenhauer, 1959",29.1,Lower Austria,0
Willendorf9_01_18,Willendorf9,9.9,39.3,3.98,268.1,67.0,91,294.6,0.4,1.1,58.3,-0.2,0.0,Retouched_blade,"Otte, 1981",29.1,Lower Austria,1
Willendorf9_01_19,Willendorf9,8.0,22.0,2.77,131.3,81.0,56,234.5,1.2,0.8,63.0,-0.2,-0.9,Shouldered_point,"Felgenhauer, 1959",29.1,Lower Austria,0
Willendorf9_01_20,Willendorf9,20.0,53.6,2.68,676.2,60.0,133,508.5,1.7,1.3,48.0,0.7,-3.1,Blade_with_endretouch,"Felgenhauer, 1959",29.1,Lower Austria,0
Willendorf9_01_21,Willendorf9,11.4,42.0,3.7,380.1,70.0,101,376.3,0.4,0.8,77.7,0.3,-1.1,Atypical_shouldered_point,"Otte, 1981",29.1,Lower Austria,1
Willendorf9_01_22,Willendorf9,18.0,61.5,3.42,861.4,74.0,147,586.0,0.3,0.4,76.9,-0.9,-0.1,Retouched_blade,"Felgenhauer, 1959",29.1,Lower Austria,0
Willendorf9_01_23,Willendorf9,9.5,36.1,3.79,268.1,69.0,89,301.3,1.1,3.7,66.9,0.2,-0.8,Flechette,"Felgenhauer, 1959",29.1,Lower Austria,0
Willendorf9_01_24,Willendorf9,17.7,60.2,3.4,759.8,70.0,147,516.9,1.0,0.2,62.0,-1.2,0.0,Retouched_blade,"Felgenhauer, 1959",29.1,Lower Austria,0
Willendorf9_01_25,Willendorf9,8.4,30.8,3.66,191.4,69.0,73,262.2,1.3,2.7,59.9,0.2,-0.3,Microlith,"Otte, 1981",29.1,Lower Austria,1
Willendorf9_01_26,Willendorf9,12.6,37.2,2.95,356.7,74.0,91,391.9,0.7,1.1,67.9,0.1,-0.7,Microlith,"Felgenhauer, 1959",29.1,Lower Austria,0
Willendorf9_01_27,Willendorf9,3.0,16.0,5.42,32.9,58.0,36,91.4,1.3,1.2,28.0,-0.1,-1.0,Point_on_flake,"Felgenhauer, 1959",29.1,Lower Austria,1
Willendorf9_01_28,Willendorf9,5.5,16.4,3.0,69.2,75.0,44,157.2,27.8,0.5,50.1,0.0,-0.9,Flechette,"Felgenhauer, 1959",29.1,Lower Austria,0
Willendorf9_01_29,Willendorf9,30.6,37.6,1.23,744.6,64.0,115,647.5,2.2,0.9,91.9,-1.0,-0.9,Point_on_flake,"Felgenhauer, 1959",29.1,Lower Austria,0
Willendorf9_01_30,Willendorf9,11.2,45.3,4.03,391.3,76.0,108,362.4,1.9,1.5,49.4,0.2,-1.6,Retouched_crested_blade,"Otte, 1981",29.1,Lower Austria,1
Willendorf9_01_31,Willendorf9,23.1,30.8,1.33,464.7,66.0,98,474.2,2.0,0.2,70.1,-1.8,-2.6,atypical_Mousterian_point,"Felgenhauer, 1959",29.1,Lower Austria,0
Willendorf9_01_32,Willendorf9,5.3,52.5,9.83,236.1,51.0,118,200.1,13.0,2.6,20.0,0.7,-1.4,Retouched_blade,"Felgenhauer, 1959",29.1,Lower Austria,0
Willendorf9_01_33,Willendorf9,28.7,56.9,1.98,1096.2,66.0,150,730.8,1.3,0.9,60.6,0.2,-3.2,Retouched_blade,"Otte, 1981",29.1,Lower Austria,0
Willendorf9_01_34,Willendorf9,14.8,54.1,3.66,563.4,68.0,128,440.1,1.3,2.2,51.1,0.5,-1.5,Retouched_blade,"Felgenhauer, 1959",29.1,Lower Austria,0
