ID,site,typology,reference,ka_cal_BP,region,long,lat
AggsbachB_01_01,AggsbachB,Flechette,"Otte, 1981",30,Lower Austria,15.402609,48.297059
AggsbachB_01_02,AggsbachB,Gravette_point,"Otte, 1981",30,Lower Austria,15.402609,48.297059
AggsbachB_01_03,AggsbachB,Flechette,"Otte, 1981",30,Lower Austria,15.402609,48.297059
AggsbachB_01_04,AggsbachB,Flechette,"Otte, 1981",30,Lower Austria,15.402609,48.297059
AggsbachB_01_05,AggsbachB,Flechette,"Otte, 1981",30,Lower Austria,15.402609,48.297059
AggsbachB_01_06,AggsbachB,Flechette,"Otte, 1981",30,Lower Austria,15.402609,48.297059
AggsbachB_01_07,AggsbachB,Flechette,"Otte, 1981",30,Lower Austria,15.402609,48.297059
AggsbachB_01_08,AggsbachB,Flechette,"Otte, 1981",30,Lower Austria,15.402609,48.297059
AggsbachB_01_09,AggsbachB,Flechette,"Otte, 1981",30,Lower Austria,15.402609,48.297059
AggsbachB_01_10,AggsbachB,Flechette,"Otte, 1981",30,Lower Austria,15.402609,48.297059
AggsbachB_01_11,AggsbachB,Flechette,"Otte, 1981",30,Lower Austria,15.402609,48.297059
AggsbachB_01_12,AggsbachB,Flechette,"Otte, 1981",30,Lower Austria,15.402609,48.297059
AggsbachB_01_13,AggsbachB,Flechette,"Otte, 1981",30,Lower Austria,15.402609,48.297059
AggsbachB_01_14,AggsbachB,Flechette,"Otte, 1981",30,Lower Austria,15.402609,48.297059
AggsbachB_01_15,AggsbachB,Flechette,"Otte, 1981",30,Lower Austria,15.402609,48.297059
AggsbachB_01_16,AggsbachB,Flechette,"Otte, 1981",30,Lower Austria,15.402609,48.297059
AggsbachB_01_17,AggsbachB,Flechette,"Otte, 1981",30,Lower Austria,15.402609,48.297059
AggsbachB_01_18,AggsbachB,Flechette,"Otte, 1981",30,Lower Austria,15.402609,48.297059
AggsbachB_01_19,AggsbachB,Flechette,"Otte, 1981",30,Lower Austria,15.402609,48.297059
AggsbachB_01_20,AggsbachB,Flechette,"Otte, 1981",30,Lower Austria,15.402609,48.297059
BorsiceChrastka_01_01,BorsiceChrastka,Gravette_point,"Klíma, 1963",30.4,Moravia,1,2
BorsiceChrastka_01_02,BorsiceChrastka,Gravette_point,"Klíma, 1963",30.4,Moravia,1,2
DolniVestonice1_01_01,DolniVestonice1,Gravette_point,"Klíma, 1963",30.4,Moravia,16.643692,48.888224
DolniVestonice1_01_02,DolniVestonice1,Gravette_point,"Klíma, 1963",30.4,Moravia,16.643692,48.888224
DolniVestonice1_01_03,DolniVestonice1,Gravette_point,"Klíma, 1963",30.4,Moravia,16.643692,48.888224
DolniVestonice1_01_04,DolniVestonice1,Gravette_point,"Klíma, 1963",30.4,Moravia,16.643692,48.888224
DolniVestonice1_01_05,DolniVestonice1,Gravette_point,"Klíma, 1963",30.4,Moravia,16.643692,48.888224
DolniVestonice1_01_06,DolniVestonice1,Gravette_point,"Klíma, 1963",30.4,Moravia,16.643692,48.888224
DolniVestonice1_01_07,DolniVestonice1,Gravette_point,"Klíma, 1963",30.4,Moravia,16.643692,48.888224
DolniVestonice1_01_08,DolniVestonice1,Gravette_point,"Klíma, 1963",30.4,Moravia,16.643692,48.888224
DolniVestonice1_01_09,DolniVestonice1,Gravette_point,"Klíma, 1963",30.4,Moravia,16.643692,48.888224
DolniVestonice1_01_10,DolniVestonice1,Gravette_point,"Klíma, 1963",30.4,Moravia,16.643692,48.888224
DolniVestonice1_01_11,DolniVestonice1,Gravette_point,"Klíma, 1963",30.4,Moravia,16.643692,48.888224
DolniVestonice1_01_12,DolniVestonice1,Abri_Audi_knife,"Klíma, 1963",30.4,Moravia,16.643692,48.888224
DolniVestonice1_01_13,DolniVestonice1,Abri_Audi_knife,"Klíma, 1963",30.4,Moravia,16.643692,48.888224
DolniVestonice1_02_01,DolniVestonice1,Abri_Audi_knife,"Klíma, 1963",30.4,Moravia,16.643692,48.888224
DolniVestonice1_02_02,DolniVestonice1,Abri_Audi_knife,"Klíma, 1963",30.4,Moravia,16.643692,48.888224
DolniVestonice1_02_03,DolniVestonice1,Abri_Audi_knife,"Klíma, 1963",30.4,Moravia,16.643692,48.888224
DolniVestonice1_02_04,DolniVestonice1,Abri_Audi_knife,"Klíma, 1963",30.4,Moravia,16.643692,48.888224
DolniVestonice1_02_05,DolniVestonice1,Abri_Audi_knife,"Klíma, 1963",30.4,Moravia,16.643692,48.888224
DolniVestonice1_02_06,DolniVestonice1,Abri_Audi_knife,"Klíma, 1963",30.4,Moravia,16.643692,48.888224
DolniVestonice1_02_07,DolniVestonice1,Abri_Audi_knife,"Klíma, 1963",30.4,Moravia,16.643692,48.888224
DolniVestonice1_02_08,DolniVestonice1,Chatelperron_point,"Klíma, 1963",30.4,Moravia,16.643692,48.888224
DolniVestonice1_02_09,DolniVestonice1,Chatelperron_point,"Klíma, 1963",30.4,Moravia,16.643692,48.888224
DolniVestonice1_03_01,DolniVestonice1,Chatelperron_point,"Klíma, 1963",30.4,Moravia,16.643692,48.888224
DolniVestonice1_03_02,DolniVestonice1,Chatelperron_point,"Klíma, 1963",30.4,Moravia,16.643692,48.888224
DolniVestonice1_03_03,DolniVestonice1,Chatelperron_point,"Klíma, 1963",30.4,Moravia,16.643692,48.888224
DolniVestonice1_03_04,DolniVestonice1,Chatelperron_point,"Klíma, 1963",30.4,Moravia,16.643692,48.888224
DolniVestonice1_03_05,DolniVestonice1,Chatelperron_point,"Klíma, 1963",30.4,Moravia,16.643692,48.888224
DolniVestonice1_03_06,DolniVestonice1,Rückengestumpfte Klinge,"Klíma, 1963",30.4,Moravia,16.643692,48.888224
DolniVestonice1_03_07,DolniVestonice1,Endretuschierte Lamelle,"Klíma, 1963",30.4,Moravia,16.643692,48.888224
DolniVestonice1_04_01,DolniVestonice1,Schräg endretuschierte Lamelle,"Klíma, 1963",30.4,Moravia,16.643692,48.888224
DolniVestonice1_04_02,DolniVestonice1,Point_a_face_plan,"Klíma, 1963",30.4,Moravia,16.643692,48.888224
DolniVestonice1_05_01,DolniVestonice1,Konkav endretuschierte Lamelle,"Klíma, 1963",30.4,Moravia,16.643692,48.888224
DolniVestonice1_05_02,DolniVestonice1,Konvex endretuschierte Lamelle,"Klíma, 1963",30.4,Moravia,16.643692,48.888224
DolniVestonice1_05_03,DolniVestonice1,Flechette,"Klíma, 1963",30.4,Moravia,16.643692,48.888224
DolniVestonice1_05_04,DolniVestonice1,Flechette,"Klíma, 1963",30.4,Moravia,16.643692,48.888224
DolniVestonice1_06_01,DolniVestonice1,Backed_blade,"Klíma, 1963",30.4,Moravia,16.643692,48.888224
DolniVestonice1_06_02,DolniVestonice1,Backed_blade,"Klíma, 1963",30.4,Moravia,16.643692,48.888224
DolniVestonice1_07_01,DolniVestonice1,Backed_blade,"Klíma, 1963",30.4,Moravia,16.643692,48.888224
DolniVestonice1_07_02,DolniVestonice1,Backed_blade,"Klíma, 1963",30.4,Moravia,16.643692,48.888224
DolniVestonice1_07_03,DolniVestonice1,Backed_blade,"Klíma, 1963",30.4,Moravia,16.643692,48.888224
DolniVestonice1_07_04,DolniVestonice1,Backed_blade,"Klíma, 1963",30.4,Moravia,16.643692,48.888224
DolniVestonice1_07_05,DolniVestonice1,Backed_blade,"Klíma, 1963",30.4,Moravia,16.643692,48.888224
DolniVestonice1_07_06,DolniVestonice1,Backed_blade,"Klíma, 1963",30.4,Moravia,16.643692,48.888224
DolniVestonice1_07_07,DolniVestonice1,Backed_blade,"Klíma, 1963",30.4,Moravia,16.643692,48.888224
DolniVestonice1_07_08,DolniVestonice1,Backed_blade,"Klíma, 1963",30.4,Moravia,16.643692,48.888224
DolniVestonice1_07_09,DolniVestonice1,Backed_blade,"Klíma, 1963",30.4,Moravia,16.643692,48.888224
DolniVestonice1_07_10,DolniVestonice1,Backed_blade,"Klíma, 1963",30.4,Moravia,16.643692,48.888224
DolniVestonice1_07_11,DolniVestonice1,Backed_blade,"Klíma, 1963",30.4,Moravia,16.643692,48.888224
DolniVestonice1_07_12,DolniVestonice1,Backed_blade,"Klíma, 1963",30.4,Moravia,16.643692,48.888224
DolniVestonice1_07_13,DolniVestonice1,Backed_blade,"Klíma, 1963",30.4,Moravia,16.643692,48.888224
DolniVestonice1_07_14,DolniVestonice1,Backed_blade,"Klíma, 1963",30.4,Moravia,16.643692,48.888224
DolniVestonice1_07_15,DolniVestonice1,Backed_blade,"Klíma, 1963",30.4,Moravia,16.643692,48.888224
DolniVestonice1_07_16,DolniVestonice1,Backed_blade,"Klíma, 1963",30.4,Moravia,16.643692,48.888224
DolniVestonice1_08_01,DolniVestonice1,Backed_blade,"Klíma, 1963",30.4,Moravia,16.643692,48.888224
DolniVestonice1_08_02,DolniVestonice1,Backed_blade,"Klíma, 1963",30.4,Moravia,16.643692,48.888224
DolniVestonice1_08_03,DolniVestonice1,Backed_blade,"Klíma, 1963",30.4,Moravia,16.643692,48.888224
DolniVestonice1_08_04,DolniVestonice1,Backed_blade,"Klíma, 1963",30.4,Moravia,16.643692,48.888224
DolniVestonice1_08_05,DolniVestonice1,Backed_blade,"Klíma, 1963",30.4,Moravia,16.643692,48.888224
DolniVestonice1_08_06,DolniVestonice1,Backed_blade,"Klíma, 1963",30.4,Moravia,16.643692,48.888224
DolniVestonice1_08_07,DolniVestonice1,Backed_blade,"Klíma, 1963",30.4,Moravia,16.643692,48.888224
DolniVestonice1_08_08,DolniVestonice1,Backed_blade,"Klíma, 1963",30.4,Moravia,16.643692,48.888224
DolniVestonice1_08_09,DolniVestonice1,Backed_blade,"Klíma, 1963",30.4,Moravia,16.643692,48.888224
DolniVestonice1_08_10,DolniVestonice1,Backed_blade,"Klíma, 1963",30.4,Moravia,16.643692,48.888224
DolniVestonice1_08_11,DolniVestonice1,Backed_blade,"Klíma, 1963",30.4,Moravia,16.643692,48.888224
DolniVestonice1_08_12,DolniVestonice1,Backed_blade,"Klíma, 1963",30.4,Moravia,16.643692,48.888224
DolniVestonice1_08_13,DolniVestonice1,Backed_blade,"Klíma, 1963",30.4,Moravia,16.643692,48.888224
DolniVestonice1_08_14,DolniVestonice1,Chatelperron_point,"Klíma, 1963",30.4,Moravia,16.643692,48.888224
DolniVestonice1_08_15,DolniVestonice1,Chatelperron_point,"Klíma, 1963",30.4,Moravia,16.643692,48.888224
DolniVestonice1_09_01,DolniVestonice1,Chatelperron_point,"Klíma, 1963",30.4,Moravia,16.643692,48.888224
DolniVestonice1_09_02,DolniVestonice1,Chatelperron_point,"Klíma, 1963",30.4,Moravia,16.643692,48.888224
DolniVestonice1_09_03,DolniVestonice1,Chatelperron_point,"Klíma, 1963",30.4,Moravia,16.643692,48.888224
DolniVestonice1_09_04,DolniVestonice1,Chatelperron_point,"Klíma, 1963",30.4,Moravia,16.643692,48.888224
DolniVestonice1_09_05,DolniVestonice1,Chatelperron_point,"Klíma, 1963",30.4,Moravia,16.643692,48.888224
DolniVestonice1_09_06,DolniVestonice1,Chatelperron_point,"Klíma, 1963",30.4,Moravia,16.643692,48.888224
DolniVestonice1_10_01,DolniVestonice1_10,Chatelperron_point,"Klíma, 1963",30.4,Moravia,16.643692,48.888224
DolniVestonice1_10_02,DolniVestonice1_10,Chatelperron_point,"Klíma, 1963",30.4,Moravia,16.643692,48.888224
DolniVestonice1_10_03,DolniVestonice1_10,Chatelperron_point,"Klíma, 1963",30.4,Moravia,16.643692,48.888224
DolniVestonice1_10_04,DolniVestonice1_10,Chatelperron_point,"Klíma, 1963",30.4,Moravia,16.643692,48.888224
DolniVestonice1_10_05,DolniVestonice1_10,Chatelperron_point,"Klíma, 1963",30.4,Moravia,16.643692,48.888224
DolniVestonice1_10_06,DolniVestonice1_10,Chatelperron_point,"Klíma, 1963",30.4,Moravia,16.643692,48.888224
DolniVestonice1_10_07,DolniVestonice1_10,Chatelperron_point,"Klíma, 1963",30.4,Moravia,16.643692,48.888224
DolniVestonice1_10_08,DolniVestonice1_10,Chatelperron_point,"Klíma, 1963",30.4,Moravia,16.643692,48.888224
DolniVestonice1_10_09,DolniVestonice1_10,Microgravette_point,"Klíma, 1963",30.4,Moravia,16.643692,48.888224
DolniVestonice1_10_10,DolniVestonice1_10,Shouldered_point,"Klíma, 1963",30.4,Moravia,16.643692,48.888224
GrubKranawetberg_01_01,GrubKranawetberg,Gravette_point,NHMW-PRÄ-GK93377-W_Antl,29.5,Lower Austria,16.11021,48.0811
GrubKranawetberg_01_02,GrubKranawetberg,Microgravette_point,NHMW-PRÄ-GK93377-W_Antl,29.5,Lower Austria,16.11021,48.0811
GrubKranawetberg_01_03,GrubKranawetberg,Microgravette_point,NHMW-PRÄ-GK93377-W_Antl,29.5,Lower Austria,16.11021,48.0811
GrubKranawetberg_01_04,GrubKranawetberg,Symmetric_backed_point,NHMW-PRÄ-GK93377-W_Antl,29.5,Lower Austria,16.11021,48.0811
GrubKranawetberg_01_05,GrubKranawetberg,Microgravette_point,NHMW-PRÄ-GK93377-W_Antl,29.5,Lower Austria,16.11021,48.0811
GrubKranawetberg_01_06,GrubKranawetberg,Microgravette_point,NHMW-PRÄ-GK93377-W_Antl,29.5,Lower Austria,16.11021,48.0811
GrubKranawetberg_01_07,GrubKranawetberg,Microgravette_point,NHMW-PRÄ-GK93377-W_Antl,29.5,Lower Austria,16.11021,48.0811
GrubKranawetberg_01_08,GrubKranawetberg,Symmetric_backed_point,NHMW-PRÄ-GK93377-W_Antl,29.5,Lower Austria,16.11021,48.0811
GrubKranawetberg_01_09,GrubKranawetberg,Microgravette_point,NHMW-PRÄ-GK93377-W_Antl,29.5,Lower Austria,16.11021,48.0811
GrubKranawetberg_01_10,GrubKranawetberg,Microgravette_point,NHMW-PRÄ-GK93377-W_Antl,29.5,Lower Austria,16.11021,48.0811
GrubKranawetberg_01_11,GrubKranawetberg,Microgravette_point,NHMW-PRÄ-GK93377-W_Antl,29.5,Lower Austria,16.11021,48.0811
GrubKranawetberg_01_12,GrubKranawetberg,Symmetric_backed_point,NHMW-PRÄ-GK93377-W_Antl,29.5,Lower Austria,16.11021,48.0811
GrubKranawetberg_01_13,GrubKranawetberg,Microgravette_point,NHMW-PRÄ-GK93377-W_Antl,29.5,Lower Austria,16.11021,48.0811
GrubKranawetberg_01_14,GrubKranawetberg,Symmetric_backed_point,NHMW-PRÄ-GK93377-W_Antl,29.5,Lower Austria,16.11021,48.0811
GrubKranawetberg_01_15,GrubKranawetberg,Microgravette_point,NHMW-PRÄ-GK93377-W_Antl,29.5,Lower Austria,16.11021,48.0811
GrubKranawetberg_01_16,GrubKranawetberg,Shouldered_point,NHMW-PRÄ-GK93377-W_Antl,29.5,Lower Austria,16.11021,48.0811
GrubKranawetberg_01_17,GrubKranawetberg,Microgravette_point,NHMW-PRÄ-GK93377-W_Antl,29.5,Lower Austria,16.11021,48.0811
GrubKranawetberg_01_18,GrubKranawetberg,Microgravette_point,NHMW-PRÄ-GK93377-W_Antl,29.5,Lower Austria,16.11021,48.0811
GrubKranawetberg_01_19,GrubKranawetberg,Microgravette_point,NHMW-PRÄ-GK93377-W_Antl,29.5,Lower Austria,16.11021,48.0811
GrubKranawetberg_01_20,GrubKranawetberg,Symmetric_backed_point,NHMW-PRÄ-GK93377-W_Antl,29.5,Lower Austria,16.11021,48.0811
GrubKranawetberg_01_21,GrubKranawetberg,Microgravette_point,NHMW-PRÄ-GK93377-W_Antl,29.5,Lower Austria,16.11021,48.0811
GrubKranawetberg_01_22,GrubKranawetberg,Microgravette_point,NHMW-PRÄ-GK93377-W_Antl,29.5,Lower Austria,16.11021,48.0811
GrubKranawetberg_01_23,GrubKranawetberg,Microgravette_point,NHMW-PRÄ-GK93377-W_Antl,29.5,Lower Austria,16.11021,48.0811
GrubKranawetberg_01_24,GrubKranawetberg,Distal_oblique_retouched_point,NHMW-PRÄ-GK93377-W_Antl,29.5,Lower Austria,16.11021,48.0811
GrubKranawetberg_01_25,GrubKranawetberg,Microgravette_point,NHMW-PRÄ-GK93377-W_Antl,29.5,Lower Austria,16.11021,48.0811
GrubKranawetberg_01_26,GrubKranawetberg,Microgravette_point,NHMW-PRÄ-GK93377-W_Antl,29.5,Lower Austria,16.11021,48.0811
GrubKranawetberg_01_27,GrubKranawetberg,Microgravette_point,NHMW-PRÄ-GK93377-W_Antl,29.5,Lower Austria,16.11021,48.0811
GrubKranawetberg_01_28,GrubKranawetberg,Microlithic_backed_point,NHMW-PRÄ-GK93377-W_Antl,29.5,Lower Austria,16.11021,48.0811
GrubKranawetberg_01_29,GrubKranawetberg,Microlithic_backed_point,NHMW-PRÄ-GK93377-W_Antl,29.5,Lower Austria,16.11021,48.0811
GrubKranawetberg_02_01,GrubKranawetberg,Microlithic_backed_point,NHMW-PRÄ-GK93377-W_Antl,29.5,Lower Austria,16.11021,48.0811
GrubKranawetberg_02_02,GrubKranawetberg,Microlithic_backed_point,NHMW-PRÄ-GK93377-W_Antl,29.5,Lower Austria,16.11021,48.0811
GrubKranawetberg_02_03,GrubKranawetberg,Microlithic_backed_point,NHMW-PRÄ-GK93377-W_Antl,29.5,Lower Austria,16.11021,48.0811
GrubKranawetberg_02_04,GrubKranawetberg,Microlithic_backed_point,NHMW-PRÄ-GK93377-W_Antl,29.5,Lower Austria,16.11021,48.0811
GrubKranawetberg_02_05,GrubKranawetberg,Microlithic_backed_point,NHMW-PRÄ-GK93377-W_Antl,29.5,Lower Austria,16.11021,48.0811
GrubKranawetberg_02_06,GrubKranawetberg,Microlithic_backed_point,NHMW-PRÄ-GK93377-W_Antl,29.5,Lower Austria,16.11021,48.0811
GrubKranawetberg_02_07,GrubKranawetberg,Microlithic_backed_point,NHMW-PRÄ-GK93377-W_Antl,29.5,Lower Austria,16.11021,48.0811
GrubKranawetberg_02_08,GrubKranawetberg,Microlithic_backed_point,NHMW-PRÄ-GK93377-W_Antl,29.5,Lower Austria,16.11021,48.0811
GrubKranawetberg_02_09,GrubKranawetberg,Microlithic_backed_point,NHMW-PRÄ-GK93377-W_Antl,29.5,Lower Austria,16.11021,48.0811
GrubKranawetberg_03_01,GrubKranawetberg,Microlithic_backed_point,NHMW-PRÄ-GK93377-W_Antl,29.5,Lower Austria,16.11021,48.0811
GrubKranawetberg_03_02,GrubKranawetberg,Microgravette_point,NHMW-PRÄ-GK93377-W_Antl,29.5,Lower Austria,16.11021,48.0811
GrubKranawetberg_03_03,GrubKranawetberg,Microlithic_backed_point,NHMW-PRÄ-GK93377-W_Antl,29.5,Lower Austria,16.11021,48.0811
GrubKranawetberg_03_04,GrubKranawetberg,Microlithic_backed_point,NHMW-PRÄ-GK93377-W_Antl,29.5,Lower Austria,16.11021,48.0811
GrubKranawetberg_03_05,GrubKranawetberg,Microlithic_backed_point,NHMW-PRÄ-GK93377-W_Antl,29.5,Lower Austria,16.11021,48.0811
GrubKranawetberg_03_06,GrubKranawetberg,Microlithic_backed_point,NHMW-PRÄ-GK93377-W_Antl,29.5,Lower Austria,16.11021,48.0811
GrubKranawetberg_04_01,GrubKranawetberg,Microgravette_point,NHMW-PRÄ-GK93377-W_Antl,29.5,Lower Austria,16.11021,48.0811
GrubKranawetberg_04_02,GrubKranawetberg,Microlithic_backed_point,NHMW-PRÄ-GK93377-W_Antl,29.5,Lower Austria,16.11021,48.0811
GrubKranawetberg_04_03,GrubKranawetberg,Microlithic_backed_point,NHMW-PRÄ-GK93377-W_Antl,29.5,Lower Austria,16.11021,48.0811
GrubKranawetberg_04_04,GrubKranawetberg,Microlithic_backed_point,NHMW-PRÄ-GK93377-W_Antl,29.5,Lower Austria,16.11021,48.0811
GrubKranawetberg_04_05,GrubKranawetberg,Microgravette_point,NHMW-PRÄ-GK93377-W_Antl,29.5,Lower Austria,16.11021,48.0811
GrubKranawetberg_04_06,GrubKranawetberg,Microgravette_point,NHMW-PRÄ-GK93377-W_Antl,29.5,Lower Austria,16.11021,48.0811
GrubKranawetberg_04_07,GrubKranawetberg,Microgravette_point,NHMW-PRÄ-GK93377-W_Antl,29.5,Lower Austria,16.11021,48.0811
GrubKranawetberg_04_08,GrubKranawetberg,Microgravette_point,NHMW-PRÄ-GK93377-W_Antl,29.5,Lower Austria,16.11021,48.0811
GrubKranawetberg_04_09,GrubKranawetberg,Microgravette_point,NHMW-PRÄ-GK93377-W_Antl,29.5,Lower Austria,16.11021,48.0811
GrubKranawetberg_04_10,GrubKranawetberg,Microgravette_point,NHMW-PRÄ-GK93377-W_Antl,29.5,Lower Austria,16.11021,48.0811
GrubKranawetberg_04_11,GrubKranawetberg,Microlithic_backed_point,NHMW-PRÄ-GK93377-W_Antl,29.5,Lower Austria,16.11021,48.0811
GrubKranawetberg_04_12,GrubKranawetberg,Microgravette_point,NHMW-PRÄ-GK93377-W_Antl,29.5,Lower Austria,16.11021,48.0811
GrubKranawetberg_04_13,GrubKranawetberg,Microgravette_point,NHMW-PRÄ-GK93377-W_Antl,29.5,Lower Austria,16.11021,48.0811
GrubKranawetberg_04_14,GrubKranawetberg,Microgravette_point,NHMW-PRÄ-GK93377-W_Antl,29.5,Lower Austria,16.11021,48.0811
GrubKranawetberg_04_15,GrubKranawetberg,Microgravette_point,NHMW-PRÄ-GK93377-W_Antl,29.5,Lower Austria,16.11021,48.0811
GrubKranawetberg_04_16,GrubKranawetberg,Microgravette_point,NHMW-PRÄ-GK93377-W_Antl,29.5,Lower Austria,16.11021,48.0811
GrubKranawetberg_04_17,GrubKranawetberg,Microgravette_point,NHMW-PRÄ-GK93377-W_Antl,29.5,Lower Austria,16.11021,48.0811
GrubKranawetberg_04_18,GrubKranawetberg,Microlithic_backed_point,NHMW-PRÄ-GK93377-W_Antl,29.5,Lower Austria,16.11021,48.0811
GrubKranawetberg_04_19,GrubKranawetberg,Microgravette_point,NHMW-PRÄ-GK93377-W_Antl,29.5,Lower Austria,16.11021,48.0811
GrubKranawetberg_04_20,GrubKranawetberg,Microgravette_point,NHMW-PRÄ-GK93377-W_Antl,29.5,Lower Austria,16.11021,48.0811
GrubKranawetberg_04_21,GrubKranawetberg,Microlithic_backed_point,NHMW-PRÄ-GK93377-W_Antl,29.5,Lower Austria,16.11021,48.0811
GrubKranawetberg_04_22,GrubKranawetberg,Microlithic_backed_point,NHMW-PRÄ-GK93377-W_Antl,29.5,Lower Austria,16.11021,48.0811
GrubKranawetberg_04_23,GrubKranawetberg,Triangle,NHMW-PRÄ-GK93377-W_Antl,29.5,Lower Austria,16.11021,48.0811
GrubKranawetberg_04_24,GrubKranawetberg,Microgravette_point,NHMW-PRÄ-GK93377-W_Antl,29.5,Lower Austria,16.11021,48.0811
GrubKranawetberg_04_25,GrubKranawetberg,Microgravette_point,NHMW-PRÄ-GK93377-W_Antl,29.5,Lower Austria,16.11021,48.0811
GrubKranawetberg_04_26,GrubKranawetberg,Microlithic_backed_point,NHMW-PRÄ-GK93377-W_Antl,29.5,Lower Austria,16.11021,48.0811
GrubKranawetberg_04_27,GrubKranawetberg,Oblique_retouched_microlithic_point,NHMW-PRÄ-GK93377-W_Antl,29.5,Lower Austria,16.11021,48.0811
GrubKranawetberg_05_01,GrubKranawetberg,Microlithic_backed_point,NHMW-PRÄ-GK93377-W_Antl,29.5,Lower Austria,16.11021,48.0811
GrubKranawetberg_05_02,GrubKranawetberg,Microlithic_backed_point,NHMW-PRÄ-GK93377-W_Antl,29.5,Lower Austria,16.11021,48.0811
GrubKranawetberg_05_03,GrubKranawetberg,Microlithic_backed_point,NHMW-PRÄ-GK93377-W_Antl,29.5,Lower Austria,16.11021,48.0811
GrubKranawetberg_05_04,GrubKranawetberg,Microlithic_backed_point,NHMW-PRÄ-GK93377-W_Antl,29.5,Lower Austria,16.11021,48.0811
GrubKranawetberg_05_05,GrubKranawetberg,Shouldered_point,NHMW-PRÄ-GK93377-W_Antl,29.5,Lower Austria,16.11021,48.0811
GrubKranawetberg_05_06,GrubKranawetberg,Microlithic_backed_point,NHMW-PRÄ-GK93377-W_Antl,29.5,Lower Austria,16.11021,48.0811
GrubKranawetberg_05_07,GrubKranawetberg,Microlithic_backed_point,NHMW-PRÄ-GK93377-W_Antl,29.5,Lower Austria,16.11021,48.0811
GrubKranawetberg_05_08,GrubKranawetberg,Microlithic_backed_point,NHMW-PRÄ-GK93377-W_Antl,29.5,Lower Austria,16.11021,48.0811
GrubKranawetberg_05_09,GrubKranawetberg,Symmetric_backed_point,NHMW-PRÄ-GK93377-W_Antl,29.5,Lower Austria,16.11021,48.0811
GrubKranawetberg_05_10,GrubKranawetberg,Microlithic_backed_point,NHMW-PRÄ-GK93377-W_Antl,29.5,Lower Austria,16.11021,48.0811
GrubKranawetberg_05_11,GrubKranawetberg,Microgravette_point,NHMW-PRÄ-GK93377-W_Antl,29.5,Lower Austria,16.11021,48.0811
GrubKranawetberg_05_12,GrubKranawetberg,Microgravette_point,NHMW-PRÄ-GK93377-W_Antl,29.5,Lower Austria,16.11021,48.0811
GrubKranawetberg_06_01,GrubKranawetberg,Symmetric_backed_point,NHMW-PRÄ-GK93377-W_Antl,29.5,Lower Austria,16.11021,48.0811
GrubKranawetberg_06_02,GrubKranawetberg,Microgravette_point,NHMW-PRÄ-GK93377-W_Antl,29.5,Lower Austria,16.11021,48.0811
GrubKranawetberg_06_03,GrubKranawetberg,Microlithic_backed_point,NHMW-PRÄ-GK93377-W_Antl,29.5,Lower Austria,16.11021,48.0811
GrubKranawetberg_06_04,GrubKranawetberg,Microgravette_point,NHMW-PRÄ-GK93377-W_Antl,29.5,Lower Austria,16.11021,48.0811
GrubKranawetberg_06_05,GrubKranawetberg,Microlithic_backed_point,NHMW-PRÄ-GK93377-W_Antl,29.5,Lower Austria,16.11021,48.0811
GrubKranawetberg_06_06,GrubKranawetberg,Microlithic_backed_point,NHMW-PRÄ-GK93377-W_Antl,29.5,Lower Austria,16.11021,48.0811
GrubKranawetberg_06_07,GrubKranawetberg,Microgravette_point,NHMW-PRÄ-GK93377-W_Antl,29.5,Lower Austria,16.11021,48.0811
GrubKranawetberg_06_08,GrubKranawetberg,Microlithic_backed_point,NHMW-PRÄ-GK93377-W_Antl,29.5,Lower Austria,16.11021,48.0811
GrubKranawetberg_06_09,GrubKranawetberg,Microlithic_backed_point,NHMW-PRÄ-GK93377-W_Antl,29.5,Lower Austria,16.11021,48.0811
GrubKranawetberg_06_10,GrubKranawetberg,Microgravette_point,NHMW-PRÄ-GK93377-W_Antl,29.5,Lower Austria,16.11021,48.0811
GrubKranawetberg_06_11,GrubKranawetberg,Flechette,NHMW-PRÄ-GK93377-W_Antl,29.5,Lower Austria,16.11021,48.0811
GrubKranawetberg_06_12,GrubKranawetberg,Microgravette_point,NHMW-PRÄ-GK93377-W_Antl,29.5,Lower Austria,16.11021,48.0811
GrubKranawetberg_06_13,GrubKranawetberg,Microgravette_point,NHMW-PRÄ-GK93377-W_Antl,29.5,Lower Austria,16.11021,48.0811
GrubKranawetberg_06_14,GrubKranawetberg,Shouldered_point,NHMW-PRÄ-GK93377-W_Antl,29.5,Lower Austria,16.11021,48.0811
GrubKranawetberg_06_15,GrubKranawetberg,Microlithic_backed_point,NHMW-PRÄ-GK93377-W_Antl,29.5,Lower Austria,16.11021,48.0811
GrubKranawetberg_06_16,GrubKranawetberg,Microgravette_point,NHMW-PRÄ-GK93377-W_Antl,29.5,Lower Austria,16.11021,48.0811
GrubKranawetberg_06_17,GrubKranawetberg,Microgravette_point,NHMW-PRÄ-GK93377-W_Antl,29.5,Lower Austria,16.11021,48.0811
JarosovPodvrsta_01_01,JarosovPodvrsta,Microgravette_point,"Škrdla, 2005",31.2,Moravia,2,4
JarosovPodvrsta_01_02,JarosovPodvrsta,Microgravette_point,"Škrdla, 2005",31.2,Moravia,2,4
JarosovPodvrsta_01_03,JarosovPodvrsta,Gravette_point,"Škrdla, 2005",31.2,Moravia,2,4
JarosovPodvrsta_01_04,JarosovPodvrsta,Microgravette_point,"Škrdla, 2005",31.2,Moravia,2,4
KremsWachtberg_01_01,KremsWachtberg,Microgravette_point,ID 194948 and 194949,29.5,Lower Austria,4,6
KremsWachtberg_01_02,KremsWachtberg,Micropoint,"Simon et al., 2014",29.5,Lower Austria,4,6
KremsWachtberg_01_03,KremsWachtberg,Microgravette_point,"Thomas et al., 2016",29.5,Lower Austria,4,6
KremsWachtberg_01_04,KremsWachtberg,Microgravette_point,"Thomas and Ziehaus, 2014",29.5,Lower Austria,4,6
KremsWachtberg_01_05,KremsWachtberg,Microgravette_point,ID 175251,29.5,Lower Austria,4,6
KremsWachtberg_01_06,KremsWachtberg,Microgravette_point,"Simon et al., 2014",29.5,Lower Austria,4,6
KremsWachtberg_01_07,KremsWachtberg,Gravette_point,ID 37937.2 and 39872.2,29.5,Lower Austria,4,6
KremsWachtberg_01_08,KremsWachtberg,Gravette_point,ID 103604.25,29.5,Lower Austria,4,6
KremsWachtberg_01_09,KremsWachtberg,Backed_point,ID 203297,29.5,Lower Austria,4,6
KremsWachtberg_01_10,KremsWachtberg,Point,ID 122857,29.5,Lower Austria,4,6
KremsWachtberg_02_01,KremsWachtberg,Flechette,"Thomas et al., 2016",29.5,Lower Austria,4,6
KremsWachtberg_02_02,KremsWachtberg,Microgravette_point,ID 102687,29.5,Lower Austria,4,6
KremsWachtberg_02_03,KremsWachtberg,Microgravette_point,ID 108803,29.5,Lower Austria,4,6
Milovice1_01_01,Milovice1,Microgravette_point,"Polanská, 2018",29.9,Moravia,16.698609,48.851941
Milovice1_01_02,Milovice1,Microgravette_point,"Polanská, 2018",29.9,Moravia,16.698609,48.851941
Milovice1_01_03,Milovice1,Microgravette_point,"Polanská, 2018",29.9,Moravia,16.698609,48.851941
Milovice1_01_04,Milovice1,Microgravette_point,"Polanská, 2018",29.9,Moravia,16.698609,48.851941
Milovice1_01_05,Milovice1,Microgravette_point,"Polanská, 2018",29.9,Moravia,16.698609,48.851941
Milovice1_01_06,Milovice1,Point,"Polanská, 2018",29.9,Moravia,16.698609,48.851941
Milovice1_01_07,Milovice1,Point,"Polanská, 2018",29.9,Moravia,16.698609,48.851941
Milovice1_02_01,Milovice1,Point,"Polanská, 2018",29.9,Moravia,16.698609,48.851941
Milovice1_02_02,Milovice1,Large_Point,"Polanská, 2018",29.9,Moravia,16.698609,48.851941
Milovice1_02_03,Milovice1,Large_Point,"Polanská, 2018",29.9,Moravia,16.698609,48.851941
Milovice1_02_04,Milovice1,Large_Point,"Polanská, 2018",29.9,Moravia,16.698609,48.851941
Milovice1_02_05,Milovice1,Point,"Polanská, 2018",29.9,Moravia,16.698609,48.851941
Milovice1_02_06,Milovice1,Point,"Polanská, 2018",29.9,Moravia,16.698609,48.851941
Milovice1_03_01,Milovice1,Point,"Polanská, 2018",29.9,Moravia,16.698609,48.851941
Milovice1_03_02,Milovice1,Point,"Polanská, 2018",29.9,Moravia,16.698609,48.851941
Milovice1_03_03,Milovice1,Point,"Polanská, 2018",29.9,Moravia,16.698609,48.851941
Milovice1_03_04,Milovice1,Point,"Polanská, 2018",29.9,Moravia,16.698609,48.851941
Milovice1_03_05,Milovice1,Point,"Polanská, 2018",29.9,Moravia,16.698609,48.851941
Milovice1_03_06,Milovice1,Point,"Polanská, 2018",29.9,Moravia,16.698609,48.851941
Milovice1_03_07,Milovice1,Point,"Polanská, 2018",29.9,Moravia,16.698609,48.851941
Milovice1_03_08,Milovice1,Point,"Polanská, 2018",29.9,Moravia,16.698609,48.851941
Milovice1_03_09,Milovice1,Non_backed_microlith,"Polanská, 2018",29.9,Moravia,16.698609,48.851941
Milovice1_03_10,Milovice1,Non_backed_microlith,"Polanská, 2018",29.9,Moravia,16.698609,48.851941
Pavlov1_01_01,Pavlov1,Non_backed_microlith,"Klíma and Svoboda, 1994",30.7,Moravia,16.672259,48.874156
Pavlov1_01_02,Pavlov1,Non_backed_microlith,"Klíma and Svoboda, 1994",30.7,Moravia,16.672259,48.874156
Pavlov1_01_03,Pavlov1,Non_backed_microlith,"Klíma and Svoboda, 1994",30.7,Moravia,16.672259,48.874156
Pavlov1_01_04,Pavlov1,Non_backed_microlith,"Klíma and Svoboda, 1994",30.7,Moravia,16.672259,48.874156
Pavlov1_01_05,Pavlov1,Non_backed_microlith,"Klíma and Svoboda, 1994",30.7,Moravia,16.672259,48.874156
Pavlov1_01_06,Pavlov1,Non_backed_microlith,"Klíma and Svoboda, 1994",30.7,Moravia,16.672259,48.874156
Pavlov1_01_07,Pavlov1,Non_backed_microlith,"Klíma and Svoboda, 1994",30.7,Moravia,16.672259,48.874156
Pavlov1_01_08,Pavlov1,Non_backed_microlith,"Klíma and Svoboda, 1994",30.7,Moravia,16.672259,48.874156
Pavlov1_02_01,Pavlov1,Non_backed_microlith,"Klíma and Svoboda, 1994",30.7,Moravia,16.672259,48.874156
Pavlov1_02_02,Pavlov1,Non_backed_microlith,"Klíma and Svoboda, 1994",30.7,Moravia,16.672259,48.874156
Pavlov1_02_03,Pavlov1,Non_backed_microlith,"Klíma and Svoboda, 1994",30.7,Moravia,16.672259,48.874156
Pavlov1_02_04,Pavlov1,Backed_implements,"Klíma and Svoboda, 1994",30.7,Moravia,16.672259,48.874156
Pavlov1_02_05,Pavlov1,Backed_implements,"Klíma and Svoboda, 1994",30.7,Moravia,16.672259,48.874156
Pavlov1_03_01,Pavlov1,Borer,"Klíma and Svoboda, 1994",30.7,Moravia,16.672259,48.874156
Pavlov1_03_02,Pavlov1,Non_backed_microlith,"Klíma and Svoboda, 1994",30.7,Moravia,16.672259,48.874156
Pavlov1_04_01,Pavlov1,Non_backed_microlith,"Klíma and Svoboda, 1994",30.7,Moravia,16.672259,48.874156
Pavlov1_05_01,Pavlov1,Non_backed_microlith,"Klíma and Svoboda, 1994",30.7,Moravia,16.672259,48.874156
Pavlov1_05_02,Pavlov1,Non_backed_microlith,"Klíma and Svoboda, 1994",30.7,Moravia,16.672259,48.874156
Pavlov1_05_03,Pavlov1,Non_backed_microlith,"Klíma and Svoboda, 1994",30.7,Moravia,16.672259,48.874156
Pavlov1_05_04,Pavlov1,Non_backed_microlith,"Klíma and Svoboda, 1994",30.7,Moravia,16.672259,48.874156
Pavlov1_05_05,Pavlov1,Non_backed_microlith,"Klíma and Svoboda, 1994",30.7,Moravia,16.672259,48.874156
Pavlov1_05_06,Pavlov1,Non_backed_microlith,"Klíma and Svoboda, 1994",30.7,Moravia,16.672259,48.874156
Pavlov1_05_07,Pavlov1,Non_backed_microlith,"Klíma and Svoboda, 1994",30.7,Moravia,16.672259,48.874156
Pavlov1_05_08,Pavlov1,Non_backed_microlith,"Klíma and Svoboda, 1994",30.7,Moravia,16.672259,48.874156
Pavlov1_05_09,Pavlov1,Non_backed_microlith,"Klíma and Svoboda, 1994",30.7,Moravia,16.672259,48.874156
Pavlov1_05_10,Pavlov1,Non_backed_microlith,"Klíma and Svoboda, 1994",30.7,Moravia,16.672259,48.874156
Pavlov1_05_11,Pavlov1,Non_backed_microlith,"Klíma and Svoboda, 1994",30.7,Moravia,16.672259,48.874156
Pavlov1_05_12,Pavlov1,Non_backed_microlith,"Klíma and Svoboda, 1994",30.7,Moravia,16.672259,48.874156
Pavlov1_05_13,Pavlov1,Non_backed_microlith,"Klíma and Svoboda, 1994",30.7,Moravia,16.672259,48.874156
Pavlov1_05_14,Pavlov1,Non_backed_microlith,"Klíma and Svoboda, 1994",30.7,Moravia,16.672259,48.874156
Pavlov1_05_15,Pavlov1,Non_backed_microlith,"Klíma and Svoboda, 1994",30.7,Moravia,16.672259,48.874156
Pavlov1_05_16,Pavlov1,Non_backed_microlith,"Klíma and Svoboda, 1994",30.7,Moravia,16.672259,48.874156
Pavlov1_05_17,Pavlov1,Non_backed_microlith,"Klíma and Svoboda, 1994",30.7,Moravia,16.672259,48.874156
Pavlov1_05_18,Pavlov1,Non_backed_microlith,"Klíma and Svoboda, 1994",30.7,Moravia,16.672259,48.874156
Pavlov1_05_19,Pavlov1,Non_backed_microlith,"Klíma and Svoboda, 1994",30.7,Moravia,16.672259,48.874156
Pavlov1_05_20,Pavlov1,Non_backed_microlith,"Klíma and Svoboda, 1994",30.7,Moravia,16.672259,48.874156
Pavlov1_05_21,Pavlov1,Non_backed_microlith,"Klíma and Svoboda, 1994",30.7,Moravia,16.672259,48.874156
Pavlov1_05_22,Pavlov1,Non_backed_microlith,"Klíma and Svoboda, 1994",30.7,Moravia,16.672259,48.874156
Pavlov1_05_23,Pavlov1,Non_backed_microlith,"Klíma and Svoboda, 1994",30.7,Moravia,16.672259,48.874156
Pavlov1_05_24,Pavlov1,Non_backed_microlith,"Klíma and Svoboda, 1994",30.7,Moravia,16.672259,48.874156
Pavlov1_05_25,Pavlov1,Non_backed_microlith,"Klíma and Svoboda, 1994",30.7,Moravia,16.672259,48.874156
Pavlov1_05_26,Pavlov1,Non_backed_microlith,"Klíma and Svoboda, 1994",30.7,Moravia,16.672259,48.874156
Pavlov1_06_01,Pavlov1,Non_backed_microlith,"Klíma and Svoboda, 1994",30.7,Moravia,16.672259,48.874156
Pavlov1_06_02,Pavlov1,Non_backed_microlith,"Klíma and Svoboda, 1994",30.7,Moravia,16.672259,48.874156
Pavlov1_06_03,Pavlov1,Non_backed_microlith,"Klíma and Svoboda, 1994",30.7,Moravia,16.672259,48.874156
Pavlov1_06_04,Pavlov1,Non_backed_microlith,"Klíma and Svoboda, 1994",30.7,Moravia,16.672259,48.874156
Pavlov1_06_05,Pavlov1,Non_backed_microlith,"Klíma and Svoboda, 1994",30.7,Moravia,16.672259,48.874156
Pavlov1_06_06,Pavlov1,Non_backed_microlith,"Klíma and Svoboda, 1994",30.7,Moravia,16.672259,48.874156
Pavlov1_06_07,Pavlov1,Non_backed_microlith,"Klíma and Svoboda, 1994",30.7,Moravia,16.672259,48.874156
Pavlov1_07_01,Pavlov1,Non_backed_microlith,"Klíma and Svoboda, 1994",30.7,Moravia,16.672259,48.874156
Pavlov1_07_02,Pavlov1,Backed_implements,"Klíma and Svoboda, 1994",30.7,Moravia,16.672259,48.874156
Pavlov1_07_03,Pavlov1,Backed_implements,"Klíma and Svoboda, 1994",30.7,Moravia,16.672259,48.874156
Pavlov1_07_04,Pavlov1,Non_backed_microlith,"Klíma and Svoboda, 1994",30.7,Moravia,16.672259,48.874156
Pavlov1_07_05,Pavlov1,Non_backed_microlith,"Klíma and Svoboda, 1994",30.7,Moravia,16.672259,48.874156
Pavlov1_08_01,Pavlov1,Non_backed_microlith,"Klíma and Svoboda, 1994",30.7,Moravia,16.672259,48.874156
Pavlov1_08_02,Pavlov1,Non_backed_microlith,"Klíma and Svoboda, 1994",30.7,Moravia,16.672259,48.874156
Pavlov1_08_03,Pavlov1,Non_backed_microlith,"Klíma and Svoboda, 1994",30.7,Moravia,16.672259,48.874156
Pavlov1_08_04,Pavlov1,Non_backed_microlith,"Klíma and Svoboda, 1994",30.7,Moravia,16.672259,48.874156
Pavlov1_08_05,Pavlov1,Non_backed_microlith,"Klíma and Svoboda, 1994",30.7,Moravia,16.672259,48.874156
Pavlov1_09_01,Pavlov1,Non_backed_microlith,"Klíma and Svoboda, 1994",30.7,Moravia,16.672259,48.874156
Pavlov1_09_02,Pavlov1,Bilaterally_retouched_pointed_blade,"Klíma and Svoboda, 1994",30.7,Moravia,16.672259,48.874156
Pavlov1_09_03,Pavlov1,Bilaterally_retouched_pointed_blade,"Klíma and Svoboda, 1994",30.7,Moravia,16.672259,48.874156
Petrkovice1a_01_01,Petrkovice1a,Shouldered_point,"Novák, 2008",27.5,Moravia,17.950965,49.546267
Petrkovice1a_01_02,Petrkovice1a,Shouldered_point,"Novák, 2008",27.5,Moravia,17.950965,49.546267
Petrkovice1a_01_03,Petrkovice1a,Point,"Novák, 2008",27.5,Moravia,17.950965,49.546267
Petrkovice1a_01_04,Petrkovice1a,Bilaterally_retouched_pointed_blade,"Novák, 2008",27.5,Moravia,17.950965,49.546267
Petrkovice1a_01_05,Petrkovice1a,Bilaterally_retouched_pointed_blade,"Novák, 2008",27.5,Moravia,17.950965,49.546267
Petrkovice1a_01_06,Petrkovice1a,Point,"Novák, 2008",27.5,Moravia,17.950965,49.546267
Petrkovice1a_01_07,Petrkovice1a,Bilaterally_retouched_pointed_blade,"Novák, 2008",27.5,Moravia,17.950965,49.546267
Petrkovice1a_01_08,Petrkovice1a,Microgravette_point,"Novák, 2008",27.5,Moravia,17.950965,49.546267
Petrkovice1a_01_09,Petrkovice1a,Microgravette_point,"Novák, 2008",27.5,Moravia,17.950965,49.546267
Petrkovice1a_01_10,Petrkovice1a,Bilaterally_retouched_pointed_blade,"Novák, 2008",27.5,Moravia,17.950965,49.546267
Petrkovice1a_01_11,Petrkovice1a,Microgravette_point,"Novák, 2008",27.5,Moravia,17.950965,49.546267
Petrkovice1a_01_12,Petrkovice1a,Microgravette_point,"Novák, 2008",27.5,Moravia,17.950965,49.546267
Petrkovice1a_01_13,Petrkovice1a,Bilaterally_retouched_pointed_blade,"Novák, 2008",27.5,Moravia,17.950965,49.546267
Petrkovice1a_01_14,Petrkovice1a,Microgravette_point,"Novák, 2008",27.5,Moravia,17.950965,49.546267
Petrkovice1a_01_15,Petrkovice1a,Gravette_point,"Novák, 2008",27.5,Moravia,17.950965,49.546267
Petrkovice1a_01_16,Petrkovice1a,Saw,"Novák, 2008",27.5,Moravia,17.950965,49.546267
Predmosti1b_01_01,Predmosti1b,Awl,"Absolon et al., 1977",30.9,Moravia,17.437391,49.467534
Predmosti1b_01_02,Predmosti1b,Awl,"Absolon et al., 1977",30.9,Moravia,17.437391,49.467534
Predmosti1b_01_03,Predmosti1b,Point_on_curved_axis,"Absolon et al., 1977",30.9,Moravia,17.437391,49.467534
Predmosti1b_01_04,Predmosti1b,Gravette_point,"Absolon et al., 1977",30.9,Moravia,17.437391,49.467534
Predmosti1b_01_05,Predmosti1b,Awl,"Absolon et al., 1977",30.9,Moravia,17.437391,49.467534
Predmosti1b_01_06,Predmosti1b,Point_on_curved_axis,"Absolon et al., 1977",30.9,Moravia,17.437391,49.467534
Predmosti1b_01_07,Predmosti1b,Gravette_point,"Absolon et al., 1977",30.9,Moravia,17.437391,49.467534
Predmosti1b_01_08,Predmosti1b,Awl,"Absolon et al., 1977",30.9,Moravia,17.437391,49.467534
Predmosti1b_01_09,Predmosti1b,Awl,"Absolon et al., 1977",30.9,Moravia,17.437391,49.467534
Predmosti1b_01_10,Predmosti1b,Gravette_point,"Absolon et al., 1977",30.9,Moravia,17.437391,49.467534
Predmosti1b_01_11,Predmosti1b,Awl,"Absolon et al., 1977",30.9,Moravia,17.437391,49.467534
Predmosti1b_01_12,Predmosti1b,Awl,"Absolon et al., 1977",30.9,Moravia,17.437391,49.467534
Predmosti1b_01_13,Predmosti1b,Awl,"Absolon et al., 1977",30.9,Moravia,17.437391,49.467534
Predmosti1b_01_14,Predmosti1b,Gravette_point,"Absolon et al., 1977",30.9,Moravia,17.437391,49.467534
Predmosti1b_01_15,Predmosti1b,Gravette_point,"Absolon et al., 1977",30.9,Moravia,17.437391,49.467534
Predmosti1b_01_16,Predmosti1b,Notched_piece,"Absolon et al., 1977",30.9,Moravia,17.437391,49.467534
Predmosti1b_01_17,Predmosti1b,Awl,"Absolon et al., 1977",30.9,Moravia,17.437391,49.467534
Predmosti1b_01_18,Predmosti1b,Awl,"Absolon et al., 1977",30.9,Moravia,17.437391,49.467534
Predmosti1b_01_19,Predmosti1b,Gravette_point,"Absolon et al., 1977",30.9,Moravia,17.437391,49.467534
Predmosti1b_01_20,Predmosti1b,Awl,"Absolon et al., 1977",30.9,Moravia,17.437391,49.467534
Predmosti1b_01_21,Predmosti1b,Awl,"Absolon et al., 1977",30.9,Moravia,17.437391,49.467534
Predmosti1b_01_22,Predmosti1b,Microlith,"Absolon et al., 1977",30.9,Moravia,17.437391,49.467534
Predmosti1b_01_23,Predmosti1b,Microgravette_point,"Absolon et al., 1977",30.9,Moravia,17.437391,49.467534
Predmosti1b_01_24,Predmosti1b,Flechette,"Absolon et al., 1977",30.9,Moravia,17.437391,49.467534
Willendorf5_01_01,Willendorf5,Microgravette_point,"Moreau, 2010",31.5,Lower Austria,16.052186,47.790423
Willendorf5_01_02,Willendorf5,Flechette,"Moreau, 2010",31.5,Lower Austria,16.052186,47.790423
Willendorf5_01_03,Willendorf5,Microgravette_point,"Moreau, 2012",31.5,Lower Austria,16.052186,47.790423
Willendorf5_01_04,Willendorf5,Double_backed_point,"Moreau, 2010",31.5,Lower Austria,16.052186,47.790423
Willendorf5_01_05,Willendorf5,Microgravette_point,"Moreau, 2010",31.5,Lower Austria,16.052186,47.790423
Willendorf5_01_06,Willendorf5,Microlith,"Moreau, 2012",31.5,Lower Austria,16.052186,47.790423
Willendorf5_01_07,Willendorf5,Microgravette_point,"Moreau, 2010",31.5,Lower Austria,16.052186,47.790423
Willendorf5_01_08,Willendorf5,Microgravette_point,"Otte, 1991",31.5,Lower Austria,16.052186,47.790423
Willendorf5_01_09,Willendorf5,Double_backed_point,"Moreau, 2010",31.5,Lower Austria,16.052186,47.790423
Willendorf5_01_10,Willendorf5,Microlith,"Moreau, 2010",31.5,Lower Austria,16.052186,47.790423
Willendorf5_01_11,Willendorf5,Microgravette_point,"Moreau, 2010",31.5,Lower Austria,16.052186,47.790423
Willendorf5_01_12,Willendorf5,Microlith,"Otte, 1991",31.5,Lower Austria,16.052186,47.790423
Willendorf5_01_13,Willendorf5,Double_backed_point,"Moreau, 2010",31.5,Lower Austria,16.052186,47.790423
Willendorf5_01_14,Willendorf5,Microgravette_point,"Otte, 1991",31.5,Lower Austria,16.052186,47.790423
Willendorf5_01_15,Willendorf5,Microlith,"Moreau, 2010",31.5,Lower Austria,16.052186,47.790423
Willendorf5_01_16,Willendorf5,Microgravette_point,"Moreau, 2010",31.5,Lower Austria,16.052186,47.790423
Willendorf5_01_17,Willendorf5,Flechette,"Otte, 1991",31.5,Lower Austria,16.052186,47.790423
Willendorf5_01_18,Willendorf5,Microgravette_point,"Moreau, 2010",31.5,Lower Austria,16.052186,47.790423
Willendorf5_01_19,Willendorf5,Retouched_blade,"Moreau, 2010",31.5,Lower Austria,16.052186,47.790423
Willendorf5_01_20,Willendorf5,Retouched_blade,"Moreau, 2010",31.5,Lower Austria,16.052186,47.790423
Willendorf6_01_01,Willendorf6,Gravette_point,"Felgenhauer, 1959 ",30.5,Lower Austria,16.052186,47.790423
Willendorf6_01_02,Willendorf6,Retouched_blade,"Felgenhauer, 1959 ",30.5,Lower Austria,16.052186,47.790423
Willendorf6_01_03,Willendorf6,Microgravette_point,"Otte, 1981",30.5,Lower Austria,16.052186,47.790423
Willendorf6_01_04,Willendorf6,Gravette_point,"Felgenhauer, 1959",30.5,Lower Austria,16.052186,47.790423
Willendorf6_01_05,Willendorf6,Bifacial_point,"Otte, 1981",30.5,Lower Austria,16.052186,47.790423
Willendorf6_01_06,Willendorf6,Blade_with_Aurignacian_retouch,"Felgenhauer, 1959",30.5,Lower Austria,16.052186,47.790423
Willendorf6_01_07,Willendorf6,Gravette_point,"Otte, 1981",30.5,Lower Austria,16.052186,47.790423
Willendorf6_01_08,Willendorf6,Mousterian_point,"Felgenhauer, 1959",30.5,Lower Austria,16.052186,47.790423
Willendorf6_01_09,Willendorf6,Blade_with_endretouch,"Felgenhauer, 1959",30.5,Lower Austria,16.052186,47.790423
Willendorf6_01_10,Willendorf6,Gravette_point,"Otte, 1981",30.5,Lower Austria,16.052186,47.790423
Willendorf6_01_11,Willendorf6,Retouched_blade,"Felgenhauer, 1959",30.5,Lower Austria,16.052186,47.790423
Willendorf6_01_12,Willendorf6,Pointed_blade,"Felgenhauer, 1959",30.5,Lower Austria,16.052186,47.790423
Willendorf7_01_01,Willendorf7,Microlith,"Felgenhauer, 1959",30,Lower Austria,16.052186,47.790423
Willendorf7_01_02,Willendorf7,Double_pointed_blade,"Otte, 1981",30,Lower Austria,16.052186,47.790423
Willendorf7_01_03,Willendorf7,Retouched_blade,"Felgenhauer, 1959",30,Lower Austria,16.052186,47.790423
Willendorf7_01_04,Willendorf7,Double_pointed_blade,"Otte, 1991",30,Lower Austria,16.052186,47.790423
Willendorf7_01_05,Willendorf7,Retouched_blade,"Felgenhauer, 1959",30,Lower Austria,16.052186,47.790423
Willendorf7_01_06,Willendorf7,Microgravette_point,"Otte, 1981",30,Lower Austria,16.052186,47.790423
Willendorf7_01_07,Willendorf7,Point_on_mousterian_flake,"Felgenhauer, 1959",30,Lower Austria,16.052186,47.790423
Willendorf7_01_08,Willendorf7,Microgravette_point,"Otte, 1981",30,Lower Austria,16.052186,47.790423
Willendorf7_01_09,Willendorf7,Retouched_blade,"Otte, 1981",30,Lower Austria,16.052186,47.790423
Willendorf7_01_10,Willendorf7,Point_on_mousterian_flake,"Otte, 1981",30,Lower Austria,16.052186,47.790423
Willendorf7_01_11,Willendorf7,Backed_blade,"Felgenhauer, 1959",30,Lower Austria,16.052186,47.790423
Willendorf7_01_12,Willendorf7,Ventral_retouched_blade,"Otte, 1981",30,Lower Austria,16.052186,47.790423
Willendorf7_01_13,Willendorf7,Pointed_blade,"Otte, 1981",30,Lower Austria,16.052186,47.790423
Willendorf7_01_14,Willendorf7,Pointed_blade,"Felgenhauer, 1959",30,Lower Austria,16.052186,47.790423
Willendorf7_01_15,Willendorf7,Microgravette_point,"Otte, 1981",30,Lower Austria,16.052186,47.790423
Willendorf7_01_16,Willendorf7,Retouched_blade,"Otte, 1981",30,Lower Austria,16.052186,47.790423
Willendorf7_01_17,Willendorf7,Pointed_blade,"Felgenhauer, 1959",30,Lower Austria,16.052186,47.790423
Willendorf8_01_01,Willendorf8,Microgravette_point,"Felgenhauer, 1959",29.6,Lower Austria,16.052186,47.790423
Willendorf8_01_02,Willendorf8,Blade_with_Aurignacian_retouch,"Otte, 1981",29.6,Lower Austria,16.052186,47.790423
Willendorf8_01_03,Willendorf8,Retouched_bladelet,"Felgenhauer, 1959",29.6,Lower Austria,16.052186,47.790423
Willendorf8_01_04,Willendorf8,Pointed_blade,"Felgenhauer, 1959",29.6,Lower Austria,16.052186,47.790423
Willendorf8_01_05,Willendorf8,Point_with_flat_retouch,"Felgenhauer, 1959",29.6,Lower Austria,16.052186,47.790423
Willendorf8_01_06,Willendorf8,Retouched_blade,"Otte, 1981",29.6,Lower Austria,16.052186,47.790423
Willendorf8_01_07,Willendorf8,Pointed_blade,"Otte, 1981",29.6,Lower Austria,16.052186,47.790423
Willendorf8_01_08,Willendorf8,Retouched_blade an stumpfem Ende,"Felgenhauer, 1959",29.6,Lower Austria,16.052186,47.790423
Willendorf8_01_09,Willendorf8,Pointed_blade,"Otte, 1981",29.6,Lower Austria,16.052186,47.790423
Willendorf8_01_10,Willendorf8,Blade_with_Aurignacian_retouch,"Otte, 1981",29.6,Lower Austria,16.052186,47.790423
Willendorf8_01_11,Willendorf8,Retouched_flake,"Otte, 1981",29.6,Lower Austria,16.052186,47.790423
Willendorf8_01_12,Willendorf8,Double_Pointed_blade,"Felgenhauer, 1959",29.6,Lower Austria,16.052186,47.790423
Willendorf8_01_13,Willendorf8,Pointed_blade,"Felgenhauer, 1959",29.6,Lower Austria,16.052186,47.790423
Willendorf8_01_14,Willendorf8,Pointed_blade,"Otte, 1981",29.6,Lower Austria,16.052186,47.790423
Willendorf8_01_15,Willendorf8,Microgravette_point,"Otte, 1981",29.6,Lower Austria,16.052186,47.790423
Willendorf8_01_16,Willendorf8,Microgravette_point,"Otte, 1981",29.6,Lower Austria,16.052186,47.790423
Willendorf8_01_17,Willendorf8,Microlith,"Felgenhauer, 1959",29.6,Lower Austria,16.052186,47.790423
Willendorf8_01_18,Willendorf8,Microlith,"Otte, 1981",29.6,Lower Austria,16.052186,47.790423
Willendorf8_01_19,Willendorf8,Pointed_blade,"Felgenhauer, 1959",29.6,Lower Austria,16.052186,47.790423
Willendorf8_01_20,Willendorf8,Flechette,"Otte, 1981",29.6,Lower Austria,16.052186,47.790423
Willendorf8_01_21,Willendorf8,Gravette_blade,"Otte, 1981",29.6,Lower Austria,16.052186,47.790423
Willendorf8_01_22,Willendorf8,Double_Pointed_blade,"Otte, 1981",29.6,Lower Austria,16.052186,47.790423
Willendorf8_01_23,Willendorf8,Pointed_blade,"Felgenhauer, 1959",29.6,Lower Austria,16.052186,47.790423
Willendorf8_01_24,Willendorf8,Gravette_point,"Otte, 1981",29.6,Lower Austria,16.052186,47.790423
Willendorf8_01_25,Willendorf8,Mousterian_point,"Otte, 1981",29.6,Lower Austria,16.052186,47.790423
Willendorf8_01_26,Willendorf8,Retouched_blade,"Felgenhauer, 1959",29.6,Lower Austria,16.052186,47.790423
Willendorf8_01_27,Willendorf8,Blade_with_endretouch,"Otte, 1981",29.6,Lower Austria,16.052186,47.790423
Willendorf9_01_01,Willendorf9,Retouched_blade,"Felgenhauer, 1959",29.1,Lower Austria,16.052186,47.790423
Willendorf9_01_02,Willendorf9,Atypical_shouldered_point,"Felgenhauer, 1959",29.1,Lower Austria,16.052186,47.790423
Willendorf9_01_03,Willendorf9,Gravette_blade,"Felgenhauer, 1959",29.1,Lower Austria,16.052186,47.790423
Willendorf9_01_04,Willendorf9,Gravette_point,"Felgenhauer, 1959",29.1,Lower Austria,16.052186,47.790423
Willendorf9_01_05,Willendorf9,Retouched_blade,"Felgenhauer, 1959",29.1,Lower Austria,16.052186,47.790423
Willendorf9_01_06,Willendorf9,Shouldered_point,"Felgenhauer, 1959",29.1,Lower Austria,16.052186,47.790423
Willendorf9_01_07,Willendorf9,Gravette_point,"Felgenhauer, 1959",29.1,Lower Austria,16.052186,47.790423
Willendorf9_01_08,Willendorf9,Microlith,"Otte, 1981",29.1,Lower Austria,16.052186,47.790423
Willendorf9_01_09,Willendorf9,Retouched_blade,"Felgenhauer, 1959",29.1,Lower Austria,16.052186,47.790423
Willendorf9_01_10,Willendorf9,Microgravette_point,"Felgenhauer, 1959",29.1,Lower Austria,16.052186,47.790423
Willendorf9_01_11,Willendorf9,Blade_with_Aurignacian_retouch,"Felgenhauer, 1959",29.1,Lower Austria,16.052186,47.790423
Willendorf9_01_12,Willendorf9,Atypical_shouldered_point,"Otte, 1981",29.1,Lower Austria,16.052186,47.790423
Willendorf9_01_13,Willendorf9,Shouldered_point,"Felgenhauer, 1959",29.1,Lower Austria,16.052186,47.790423
Willendorf9_01_14,Willendorf9,Retouched_blade,"Felgenhauer, 1959",29.1,Lower Austria,16.052186,47.790423
Willendorf9_01_15,Willendorf9,Retouched_blade,"Otte, 1981",29.1,Lower Austria,16.052186,47.790423
Willendorf9_01_16,Willendorf9,Shouldered_point,"Felgenhauer, 1959",29.1,Lower Austria,16.052186,47.790423
Willendorf9_01_17,Willendorf9,atypical_shouldered_point,"Felgenhauer, 1959",29.1,Lower Austria,16.052186,47.790423
Willendorf9_01_18,Willendorf9,Retouched_blade,"Otte, 1981",29.1,Lower Austria,16.052186,47.790423
Willendorf9_01_19,Willendorf9,Shouldered_point,"Felgenhauer, 1959",29.1,Lower Austria,16.052186,47.790423
Willendorf9_01_20,Willendorf9,Blade_with_endretouch,"Felgenhauer, 1959",29.1,Lower Austria,16.052186,47.790423
Willendorf9_01_21,Willendorf9,Atypical_shouldered_point,"Otte, 1981",29.1,Lower Austria,16.052186,47.790423
Willendorf9_01_22,Willendorf9,Retouched_blade,"Felgenhauer, 1959",29.1,Lower Austria,16.052186,47.790423
Willendorf9_01_23,Willendorf9,Flechette,"Felgenhauer, 1959",29.1,Lower Austria,16.052186,47.790423
Willendorf9_01_24,Willendorf9,Retouched_blade,"Felgenhauer, 1959",29.1,Lower Austria,16.052186,47.790423
Willendorf9_01_25,Willendorf9,Microlith,"Otte, 1981",29.1,Lower Austria,16.052186,47.790423
Willendorf9_01_26,Willendorf9,Microlith,"Felgenhauer, 1959",29.1,Lower Austria,16.052186,47.790423
Willendorf9_01_27,Willendorf9,Point_on_flake,"Felgenhauer, 1959",29.1,Lower Austria,16.052186,47.790423
Willendorf9_01_28,Willendorf9,Flechette,"Felgenhauer, 1959",29.1,Lower Austria,16.052186,47.790423
Willendorf9_01_29,Willendorf9,Point_on_flake,"Felgenhauer, 1959",29.1,Lower Austria,16.052186,47.790423
Willendorf9_01_30,Willendorf9,Retouched_crested_blade,"Otte, 1981",29.1,Lower Austria,16.052186,47.790423
Willendorf9_01_31,Willendorf9,atypical_Mousterian_point,"Felgenhauer, 1959",29.1,Lower Austria,16.052186,47.790423
Willendorf9_01_32,Willendorf9,Retouched_blade,"Felgenhauer, 1959",29.1,Lower Austria,16.052186,47.790423
Willendorf9_01_33,Willendorf9,Retouched_blade,"Otte, 1981",29.1,Lower Austria,16.052186,47.790423
Willendorf9_01_34,Willendorf9,Retouched_blade,"Felgenhauer, 1959",29.1,Lower Austria,16.052186,47.790423
