"","ID","site","width","length","l_w_index","area","percent_area","contour_length","area_contour_ratio","position_longest_extend","position_widest_extend","length_lower_part","relative_length_lower_part","length_upper_part","relative_length_upper_part","upper_to_lower_ratio","width_left_part","relative_width_left_part","width_right_part","relative_width_right_part","left_to_right_ratio","tip_angle","MP_CM_x_offset","MP_CM_y_offset","FD","ka_cal_BP","typology","region","clust"
"1","AggsbachB_01_01","AggsbachB",8,32,4,216,74,78,276,4,2,12.5,39,20.4,63,1.6,5.3,66,3.4,42,1.6,57,0.2,-0.5,1.94121712012514,30,"Flechette","Lower Austria",1
"2","AggsbachB_01_02","AggsbachB",8,56,7,386,81,132,292,4,4,42.5,75,14.2,25,0.3,4.9,61,3.3,41,1.5,71,0.1,0.1,1.88209730240677,30,"Gravette_point","Lower Austria",2
"3","AggsbachB_01_03","AggsbachB",5,27,5.4,129,81,67,192,3,2,9,33,18.6,68,2.1,3,60,2.9,58,1,48,0.1,-0.7,1.86784566328232,30,"Flechette","Lower Austria",1
"4","AggsbachB_01_05","AggsbachB",5,27,5.4,109,75,60,181,3,2,8,29,19.5,72,2.4,2.9,58,2.4,47,1.2,38,0.2,-0.6,1.93351856537537,30,"Flechette","Lower Austria",1
"5","AggsbachB_01_08","AggsbachB",6,26,4.3,123,76,62,198,4,2,9.1,34,17.2,66,1.9,3.7,61,2.5,40,1.5,49,0.1,-0.5,1.88244373515024,30,"Flechette","Lower Austria",1
"6","AggsbachB_01_09","AggsbachB",7,37,5.3,224,76,86,260,3,2,9.2,24,28.1,75,3,3.7,52,3.6,51,1,41,0.3,-1.2,1.99335567502453,30,"Flechette","Lower Austria",1
"7","AggsbachB_01_11","AggsbachB",8,26,3.2,158,72,64,246,4,3,12.5,48,14.3,55,1.1,5.3,66,2.7,34,1.9,74,0.5,-0.1,1.92293843372257,30,"Flechette","Lower Austria",1
"8","AggsbachB_01_12","AggsbachB",7,32,4.6,174,70,73,238,3,4,20.3,63,12.2,38,0.6,4.2,60,3.1,44,1.4,61,0,0.1,1.91284507940688,30,"Flechette","Lower Austria",1
"9","AggsbachB_01_14","AggsbachB",8,37,4.6,252,82,91,276,3,3,15.4,41,22.4,60,1.5,4.5,56,3.9,48,1.2,44,0.1,-1.8,1.99928958796774,30,"Flechette","Lower Austria",1
"10","AggsbachB_01_17","AggsbachB",9,36,4,257,68,85,302,3,2,9.5,26,27.5,76,2.9,5,55,4.8,53,1,41,0,-1.6,1.96517066759404,30,"Flechette","Lower Austria",1
"11","AggsbachB_01_18","AggsbachB",9,50,5.6,368,77,121,304,3,1,7.5,15,43.1,86,5.7,5,55,4.7,52,1.1,29,0.1,-2.9,1.89581574308865,30,"Flechette","Lower Austria",2
"12","AggsbachB_01_19","AggsbachB",7,35,5,220,83,84,261,4,3,19.9,56,15.5,44,0.8,4.4,63,3,43,1.5,73,0.2,0,1.98432572033851,30,"Flechette","Lower Austria",1
"13","AggsbachB_01_20","AggsbachB",8,32,4,201,75,77,261,3,2,11.6,36,20.9,65,1.8,4,49,4.2,51,1,53,-0.1,-0.9,1.92851001779544,30,"Flechette","Lower Austria",1
"14","DolniVestonice1_01_02","DolniVestonice1",11,35,3.2,284,68,84,338,2,2,8.9,25,26.5,75,3,4.1,37,7.4,67,0.5,40,-0.6,-2.8,1.99883893461333,30.4,"Gravette_point","Moravia",1
"15","DolniVestonice1_01_03","DolniVestonice1",10,36,3.6,286,73,89,321,2,2,11.9,32,25,69,2.1,2,20,8,79,0.3,46,-0.4,-2,1.99884449907168,30.4,"Gravette_point","Moravia",1
"16","DolniVestonice1_01_04","DolniVestonice1",10,42,4.2,313,70,101,309,4,2,15.9,37,26.7,63,1.7,6.5,64,3.7,37,1.8,44,0.2,-1.1,2.00623555902839,30.4,"Gravette_point","Moravia",1
"17","DolniVestonice1_01_05","DolniVestonice1",7,29,4.1,178,72,71,250,2,3,13,44,17,58,1.3,1.7,23,6.3,89,0.3,41,-0.7,-1.5,1.96183140299624,30.4,"Gravette_point","Moravia",1
"18","DolniVestonice1_01_06","DolniVestonice1",14,60,4.3,649,73,139,466,3,3,31.3,52,28.9,48,0.9,7.6,54,6.9,48,1.1,52,-0.2,-1.9,1.91114988430895,30.4,"Gravette_point","Moravia",1
"19","DolniVestonice1_01_07","DolniVestonice1",15,72,4.8,827,75,165,501,3,2,22.4,31,50.2,69,2.2,8,53,7.2,48,1.1,36,-0.4,-3.7,1.98800074194936,30.4,"Gravette_point","Moravia",1
"20","DolniVestonice1_01_08","DolniVestonice1",8,43,5.4,280,71,96,291,3,2,15.6,36,27.6,64,1.8,4.4,55,4.3,53,1,35,0.2,-2.2,1.97767293511721,30.4,"Gravette_point","Moravia",1
"21","DolniVestonice1_01_09","DolniVestonice1",12,58,4.8,599,75,136,440,3,3,23.7,40,35,60,1.5,5.9,49,6.9,57,0.9,47,-0.2,-2,1.89821056069564,30.4,"Gravette_point","Moravia",1
"22","DolniVestonice1_01_10","DolniVestonice1",12,72,6,762,78,163,467,3,2,20,27,52.2,72,2.6,6.7,55,6.3,52,1.1,36,-0.4,-3.7,1.9648900968302,30.4,"Gravette_point","Moravia",1
"23","DolniVestonice1_01_11","DolniVestonice1",14,50,3.6,557,70,126,442,3,2,16.7,33,33.9,67,2,8.5,60,6.5,46,1.3,51,0,-2.2,1.92236690730055,30.4,"Gravette_point","Moravia",1
"24","DolniVestonice1_01_12","DolniVestonice1",13,73,5.6,752,73,163,461,3,3,33.1,45,40.2,55,1.2,6.7,51,7,54,0.9,35,0,-3.3,1.97162419515908,30.4,"Abri_Audi_knife","Moravia",1
"25","DolniVestonice1_01_13","DolniVestonice1",11,47,4.3,417,70,110,379,3,3,22.4,47,24.6,52,1.1,6.3,57,5.6,50,1.1,45,0,-2.6,1.88624560589021,30.4,"Abri_Audi_knife","Moravia",1
"26","DolniVestonice1_06_01","DolniVestonice1",13,42,3.2,412,71,105,392,3,2,11.5,27,31.5,74,2.7,5.9,45,7.2,55,0.8,44,-0.2,-2.7,1.93117206126495,30.4,"Backed_blade","Moravia",2
"27","DolniVestonice1_07_03","DolniVestonice1",6,37,6.2,170,64,84,202,5,2,10,27,27.2,73,2.7,5.6,92,0.9,15,6,24,0.2,-2.8,1.93089970786639,30.4,"Backed_blade","Moravia",1
"28","DolniVestonice1_07_09","DolniVestonice1",4,23,5.8,76,70,52,146,3,2,6.5,28,16.9,73,2.6,1.9,46,2.4,60,0.8,39,-0.2,-0.4,1.87842872604693,30.4,"Backed_blade","Moravia",1
"29","DolniVestonice1_07_10","DolniVestonice1",5,29,5.8,135,73,68,198,5,3,12.6,43,16.5,56,1.3,5.2,103,0.7,14,7,41,0.2,-1.3,1.91410031629692,30.4,"Backed_blade","Moravia",1
"30","DolniVestonice1_08_04","DolniVestonice1",4,22,5.5,78,70,49,159,3,3,10.7,48,11.3,51,1.1,1.9,46,2.8,69,0.7,55,-0.2,-0.2,1.88508401704764,30.4,"Backed_blade","Moravia",1
"31","DolniVestonice1_08_07","DolniVestonice1",8,57,7.1,427,83,134,318,3,3,24.4,42,33,57,1.3,4.6,57,4.3,53,1.1,46,0,-0.4,1.90263683878135,30.4,"Backed_blade","Moravia",1
"32","DolniVestonice1_08_12","DolniVestonice1",10,90,9,761,71,199,382,2,2,34.1,37,56.7,62,1.7,3,29,7,70,0.4,32,-0.4,-0.7,1.94486028827247,30.4,"Backed_blade","Moravia",2
"33","DolniVestonice1_08_13","DolniVestonice1",5,20,4,75,71,45,166,3,2,5,25,15.2,75,3,2.4,48,2.6,51,0.9,48,-0.2,-0.4,1.89350925992173,30.4,"Backed_blade","Moravia",1
"34","DolniVestonice1_10_04","DolniVestonice1_10",22,94,4.3,1672,75,216,774,3,2,29.1,30,65.2,69,2.2,11.7,53,11.3,51,1,47,0.2,-2.6,1.87650461784339,30.4,"Chatelperron_point","Moravia",2
"35","GrubKranawetberg_01_01","GrubKranawetberg",5,27,5.4,114,66,65,175,4,3,14.9,55,12.8,47,0.9,4.2,84,1.4,28,3,50,0.2,-0.2,1.91831313862341,29.5,"Gravette_point","Lower Austria",1
"36","GrubKranawetberg_01_02","GrubKranawetberg",8,38,4.8,209,57,89,234,4,2,15.3,40,23.7,62,1.6,6,74,2.8,35,2.1,44,0.7,0.5,1.99702136115691,29.5,"Microgravette_point","Lower Austria",1
"37","GrubKranawetberg_01_03","GrubKranawetberg",13,48,3.7,463,69,116,399,3,3,26.1,54,22.5,46,0.9,6.1,47,7,53,0.9,47,-0.4,-0.9,1.90934639946362,29.5,"Microgravette_point","Lower Austria",1
"38","GrubKranawetberg_01_04","GrubKranawetberg",5,26,5.2,107,68,61,175,4,3,14,53,12.3,47,0.9,4,80,1.4,28,2.9,58,0.2,0.2,1.92282457080839,29.5,"Symmetric_backed_point","Lower Austria",1
"39","GrubKranawetberg_01_05","GrubKranawetberg",4,31,7.8,111,76,70,158,4,3,17.9,57,13.7,44,0.8,2.8,70,1.6,39,1.8,42,0.2,0,1.96740081259129,29.5,"Microgravette_point","Lower Austria",1
"40","GrubKranawetberg_01_06","GrubKranawetberg",7,43,6.1,227,66,96,236,3,3,20.5,47,22.6,52,1.1,3.5,50,3.9,55,0.9,31,-0.2,-1.8,1.90319305766469,29.5,"Microgravette_point","Lower Austria",1
"41","GrubKranawetberg_01_07","GrubKranawetberg",6,33,5.5,149,71,75,198,5,3,15.6,47,17.5,53,1.1,5.3,87,0.9,14,6,41,0.5,0,1.91902393976145,29.5,"Microgravette_point","Lower Austria",1
"42","GrubKranawetberg_01_08","GrubKranawetberg",6,34,5.7,164,68,76,215,4,3,14.9,43,19.1,56,1.3,4.9,81,1.4,23,3.5,43,0.2,-0.4,1.9456011714857,29.5,"Symmetric_backed_point","Lower Austria",1
"43","GrubKranawetberg_01_09","GrubKranawetberg",6,45,7.5,220,68,103,213,4,3,18.2,40,27.2,60,1.5,4.4,73,2.5,40,1.8,30,-0.2,-0.9,1.88096076087201,29.5,"Microgravette_point","Lower Austria",1
"44","GrubKranawetberg_01_10","GrubKranawetberg",5,32,6.4,136,66,75,181,4,3,18.2,57,14.4,44,0.8,3.9,77,2.1,42,1.8,49,0,0,1.92123452913872,29.5,"Microgravette_point","Lower Austria",1
"45","GrubKranawetberg_01_11","GrubKranawetberg",5,38,7.6,170,76,84,202,4,2,12.3,32,26.1,68,2.1,3.7,73,1.9,38,1.9,34,0.2,-0.2,2.00083763640267,29.5,"Microgravette_point","Lower Austria",1
"46","GrubKranawetberg_01_12","GrubKranawetberg",4,38,9.5,129,65,84,153,4,3,19.1,50,19.5,51,1,3.7,92,0.9,21,4.2,32,0,-0.4,1.97938714813626,29.5,"Symmetric_backed_point","Lower Austria",1
"47","GrubKranawetberg_01_13","GrubKranawetberg",5,34,6.8,145,71,81,179,2,3,14.4,42,20.5,60,1.4,1.8,35,3.9,77,0.5,40,-0.2,0.2,2.0068691509029,29.5,"Microgravette_point","Lower Austria",1
"48","GrubKranawetberg_01_14","GrubKranawetberg",5,35,7,132,66,78,169,4,2,7.5,21,28.1,80,3.7,3,59,2.1,42,1.4,25,0,-1.2,2.00029634813922,29.5,"Symmetric_backed_point","Lower Austria",1
"49","GrubKranawetberg_01_15","GrubKranawetberg",5,21,4.2,85,73,50,170,2,3,12.6,60,8.8,41,0.7,1.1,21,4,80,0.3,69,-0.4,-0.4,1.90796023437231,29.5,"Microgravette_point","Lower Austria",1
"50","GrubKranawetberg_01_16","GrubKranawetberg",3,35,11.7,92,78,79,116,3,3,14,40,21.1,60,1.5,2.1,70,1.4,46,1.5,20,-0.2,-0.7,1.93553970620011,29.5,"Shouldered_point","Lower Austria",1
"51","GrubKranawetberg_01_17","GrubKranawetberg",3,24,8,73,78,55,132,4,2,8.8,36,16.1,67,1.8,1.8,58,1.9,64,0.9,36,0.2,-0.4,1.94678757233493,29.5,"Microgravette_point","Lower Austria",1
"52","GrubKranawetberg_01_18","GrubKranawetberg",14,57,4.1,543,63,134,405,2,3,26.8,47,30.4,53,1.1,4,28,10.7,76,0.4,43,-1.4,-0.7,1.92587294516492,29.5,"Microgravette_point","Lower Austria",1
"53","GrubKranawetberg_01_19","GrubKranawetberg",3,24,8,62,66,53,116,2,2,7.5,31,16.7,69,2.2,0.9,29,2.8,93,0.3,29,-0.7,-0.4,1.85594132351018,29.5,"Microgravette_point","Lower Austria",1
"54","GrubKranawetberg_01_20","GrubKranawetberg",4,30,7.5,98,71,66,148,4,3,17.5,58,12.8,42,0.7,2.8,70,1.4,35,2,42,-0.2,-0.2,1.968269694643,29.5,"Symmetric_backed_point","Lower Austria",1
"55","GrubKranawetberg_01_21","GrubKranawetberg",6,31,5.2,155,72,73,212,2,3,17,54,14.2,45,0.8,1.6,26,4.9,81,0.3,61,-0.5,0.7,1.9422504626323,29.5,"Microgravette_point","Lower Austria",1
"56","GrubKranawetberg_01_22","GrubKranawetberg",6,29,4.8,138,66,69,200,3,2,10.5,36,18.9,65,1.8,3.2,52,3.5,58,0.9,38,-0.2,-0.9,1.9417450969071,29.5,"Microgravette_point","Lower Austria",1
"57","GrubKranawetberg_01_23","GrubKranawetberg",7,45,6.4,249,66,101,246,3,3,22.1,49,23,51,1,3.7,52,4,57,0.9,33,0,-1.1,1.90766369626552,29.5,"Microgravette_point","Lower Austria",1
"58","GrubKranawetberg_01_24","GrubKranawetberg",5,36,7.2,150,77,81,185,5,2,12.6,35,23.9,66,1.9,4.4,87,1.1,21,4.2,34,0.2,-0.4,1.98975648096355,29.5,"Distal_oblique_retouched_point","Lower Austria",1
"59","GrubKranawetberg_01_25","GrubKranawetberg",6,33,5.5,173,81,77,224,2,3,15.8,47,17.5,53,1.1,2.3,38,4,67,0.6,52,0,-0.9,1.92454580123532,29.5,"Microgravette_point","Lower Austria",1
"60","GrubKranawetberg_01_26","GrubKranawetberg",8,45,5.6,282,74,102,276,2,3,20.7,46,24.4,54,1.2,1.6,19,6.5,81,0.2,35,-0.7,-1.6,1.90869604609868,29.5,"Microgravette_point","Lower Austria",1
"61","GrubKranawetberg_01_27","GrubKranawetberg",5,33,6.6,142,73,74,191,3,4,21.6,65,11.6,35,0.5,2.6,52,2.6,52,1,61,-0.2,-0.2,2.00664521844871,29.5,"Microgravette_point","Lower Austria",1
"62","GrubKranawetberg_01_28","GrubKranawetberg",6,30,5,155,73,71,218,3,2,10.2,33,19.8,66,1.9,4,67,2.8,46,1.4,44,-0.2,-0.9,1.94941732741508,29.5,"Microlithic_backed_point","Lower Austria",1
"63","GrubKranawetberg_01_29","GrubKranawetberg",5,35,7,158,70,78,202,2,2,8.1,23,27,77,3.3,2.1,42,3.9,77,0.5,34,-0.4,-1.1,2.01994561979691,29.5,"Microlithic_backed_point","Lower Austria",1
"64","GrubKranawetberg_02_01","GrubKranawetberg",5,20,4,84,70,48,175,4,3,9.8,48,11.1,55,1.1,3.8,75,1.9,37,2,50,0.1,-0.5,1.96811648757783,29.5,"Microlithic_backed_point","Lower Austria",1
"65","GrubKranawetberg_02_02","GrubKranawetberg",3,20,6.7,56,80,47,119,2,3,10.1,50,10.1,50,1,1,33,2.6,87,0.4,48,-0.4,0,1.88196761541218,29.5,"Microlithic_backed_point","Lower Austria",1
"66","GrubKranawetberg_02_03","GrubKranawetberg",6,23,3.8,100,68,54,185,4,3,12.4,53,10.8,46,0.9,4.5,75,1.6,27,2.8,53,0,0.1,1.98501939984044,29.5,"Microlithic_backed_point","Lower Austria",1
"67","GrubKranawetberg_02_04","GrubKranawetberg",7,23,3.3,124,73,57,217,2,2,8.6,37,14.8,64,1.7,2.2,32,4.9,69,0.5,64,-0.4,-0.1,2.01196385902845,29.5,"Microlithic_backed_point","Lower Austria",1
"68","GrubKranawetberg_02_05","GrubKranawetberg",3,18,6,49,81,42,116,4,3,9.1,50,9.6,53,1.1,2.4,79,1,33,2.4,45,0.1,-0.2,1.87562583125016,29.5,"Microlithic_backed_point","Lower Austria",1
"69","GrubKranawetberg_02_06","GrubKranawetberg",3,17,5.7,40,69,39,102,4,3,8.1,47,9,52,1.1,2.1,70,1,33,2.1,42,0.1,-0.2,1.8871756234614,29.5,"Microlithic_backed_point","Lower Austria",1
"70","GrubKranawetberg_02_07","GrubKranawetberg",3,22,7.3,63,71,51,123,3,3,10.2,46,12.1,55,1.2,1.6,54,2.2,75,0.7,46,-0.1,0.2,1.90414637376061,29.5,"Microlithic_backed_point","Lower Austria",1
"71","GrubKranawetberg_02_08","GrubKranawetberg",4,18,4.5,68,76,42,161,5,3,9.6,53,9,50,0.9,3.8,93,1,25,3.8,66,0.1,0.1,1.93761309022189,29.5,"Microlithic_backed_point","Lower Austria",1
"72","GrubKranawetberg_02_09","GrubKranawetberg",3,22,7.3,62,73,51,121,5,3,12.1,55,10.4,47,0.9,3,100,0.6,20,4.8,53,0.1,0.1,1.99497036014015,29.5,"Microlithic_backed_point","Lower Austria",1
"73","GrubKranawetberg_03_01","GrubKranawetberg",4,25,6.2,99,67,59,167,3,2,6.3,25,18.7,74,2.9,2.6,64,2.3,57,1.1,37,-0.2,-0.9,1.97977175625522,29.5,"Microlithic_backed_point","Lower Austria",1
"74","GrubKranawetberg_03_02","GrubKranawetberg",4,24,6,95,74,55,172,2,3,11.5,47,12.7,52,1.1,1.3,33,3.4,85,0.4,56,-0.2,-0.1,1.95712964032519,29.5,"Microgravette_point","Lower Austria",1
"75","GrubKranawetberg_03_03","GrubKranawetberg",3,20,6.7,53,72,45,117,3,3,9.6,48,11,54,1.1,1.5,48,1.8,60,0.8,42,-0.1,-0.5,1.89083550247147,29.5,"Microlithic_backed_point","Lower Austria",1
"76","GrubKranawetberg_03_04","GrubKranawetberg",5,26,5.2,107,72,60,178,4,3,12.7,48,13.5,52,1.1,4.4,87,0.9,17,5.1,54,0.1,-0.1,1.9687723317406,29.5,"Microlithic_backed_point","Lower Austria",1
"77","GrubKranawetberg_03_05","GrubKranawetberg",4,18,4.5,60,56,44,136,3,3,9.1,50,9.4,52,1,2.7,67,1.7,42,1.6,52,-0.1,-0.2,1.94865206229536,29.5,"Microlithic_backed_point","Lower Austria",1
"78","GrubKranawetberg_03_06","GrubKranawetberg",4,22,5.5,84,74,50,168,4,2,6.5,29,15.7,71,2.4,3.4,85,1.3,33,2.5,42,0,-0.7,1.9492417134347,29.5,"Microlithic_backed_point","Lower Austria",1
"79","GrubKranawetberg_04_01","GrubKranawetberg",4,20,5,57,64,46,123,4,3,8.4,42,11.9,59,1.4,2.8,70,1.2,30,2.3,32,0.2,-0.5,1.87256448817667,29.5,"Microgravette_point","Lower Austria",1
"80","GrubKranawetberg_04_02","GrubKranawetberg",6,23,3.8,112,72,55,203,2,3,13.9,60,9.8,42,0.7,2.1,35,4,67,0.5,67,-0.4,-0.2,1.92822106310332,29.5,"Microlithic_backed_point","Lower Austria",1
"81","GrubKranawetberg_04_03","GrubKranawetberg",6,26,4.3,127,71,63,201,2,3,14.2,54,12.6,48,0.9,1.8,29,4.6,76,0.4,58,-0.4,-0.2,1.92769197560861,29.5,"Microlithic_backed_point","Lower Austria",1
"82","GrubKranawetberg_04_04","GrubKranawetberg",5,20,4,88,83,51,172,5,3,8.9,44,11.8,58,1.3,4,80,1.2,24,3.3,67,0.4,0.2,1.89686731174651,29.5,"Microlithic_backed_point","Lower Austria",1
"83","GrubKranawetberg_04_05","GrubKranawetberg",3,21,7,64,70,48,133,2,2,8.2,39,13.2,62,1.6,1.1,35,2.6,87,0.4,45,-0.2,-0.2,1.8732479909564,29.5,"Microgravette_point","Lower Austria",1
"84","GrubKranawetberg_04_06","GrubKranawetberg",5,22,4.4,97,68,53,183,3,2,7.7,35,15.3,69,2,2.5,49,3.2,63,0.8,50,-0.2,-0.4,1.92437611339051,29.5,"Microgravette_point","Lower Austria",1
"85","GrubKranawetberg_04_07","GrubKranawetberg",5,27,5.4,115,74,65,176,4,3,13.2,48,14.4,53,1.1,3.9,77,1.4,28,2.8,49,0,-0.4,1.90913848749239,29.5,"Microgravette_point","Lower Austria",1
"86","GrubKranawetberg_04_08","GrubKranawetberg",3,30,10,82,64,65,126,4,4,18.2,60,11.8,39,0.6,2.6,87,0.9,29,3,44,-0.2,0.4,1.95595253597043,29.5,"Microgravette_point","Lower Austria",1
"87","GrubKranawetberg_04_09","GrubKranawetberg",5,40,8,180,76,90,200,4,2,8.2,20,31.8,79,3.9,3.9,77,1.9,38,2,25,0,-1.6,2.00008886549285,29.5,"Microgravette_point","Lower Austria",1
"88","GrubKranawetberg_04_10","GrubKranawetberg",5,25,5,105,67,59,177,3,3,10.9,43,15.1,60,1.4,2.6,52,2.8,56,0.9,48,0,-0.7,1.91563125679177,29.5,"Microgravette_point","Lower Austria",1
"89","GrubKranawetberg_04_11","GrubKranawetberg",6,25,4.2,141,78,60,235,4,3,11.8,47,13.7,54,1.2,4.9,81,1.9,32,2.5,70,-0.2,0,1.93966826140808,29.5,"Microlithic_backed_point","Lower Austria",1
"90","GrubKranawetberg_04_12","GrubKranawetberg",3,27,9,80,69,62,129,4,3,14,51,13.3,49,1,2.6,87,1.2,40,2.1,43,0,0.2,1.96371781815629,29.5,"Microgravette_point","Lower Austria",1
"91","GrubKranawetberg_04_13","GrubKranawetberg",5,21,4.2,83,65,51,162,3,3,10.2,48,10.9,51,1.1,3,59,2.3,45,1.3,64,0,-0.4,1.89469340236671,29.5,"Microgravette_point","Lower Austria",1
"92","GrubKranawetberg_04_14","GrubKranawetberg",6,28,4.7,139,65,66,210,2,3,12.6,45,16.1,57,1.3,1.4,23,5.3,87,0.3,51,-0.5,0.2,1.95189284223769,29.5,"Microgravette_point","Lower Austria",1
"93","GrubKranawetberg_04_15","GrubKranawetberg",6,30,5,145,72,68,213,4,3,14.7,49,15.3,50,1,4.9,81,1.4,23,3.5,57,0,-0.2,1.94104689727049,29.5,"Microgravette_point","Lower Austria",1
"94","GrubKranawetberg_04_16","GrubKranawetberg",5,28,5.6,111,70,65,170,3,3,11.2,40,16.8,60,1.5,3,59,2.5,49,1.2,36,0,-0.7,1.91114785883545,29.5,"Microgravette_point","Lower Austria",1
"95","GrubKranawetberg_04_17","GrubKranawetberg",3,26,8.7,74,70,61,121,2,3,14.6,56,11.8,45,0.8,0.9,29,2.8,93,0.3,46,-0.2,-0.2,1.95680782656194,29.5,"Microgravette_point","Lower Austria",1
"96","GrubKranawetberg_04_18","GrubKranawetberg",4,27,6.8,90,71,61,147,4,2,7,25,20.7,76,3,3,74,1.1,26,2.8,33,-0.2,-0.5,1.87606985921107,29.5,"Microlithic_backed_point","Lower Austria",1
"97","GrubKranawetberg_04_19","GrubKranawetberg",4,27,6.8,113,72,62,182,2,3,13.7,50,13.3,49,1,0.9,21,4,100,0.2,61,-0.4,0,1.91906256981606,29.5,"Microgravette_point","Lower Austria",1
"98","GrubKranawetberg_04_20","GrubKranawetberg",3,22,7.3,62,69,50,124,5,3,11.1,50,11.2,51,1,3.2,105,0.5,17,6,42,0,-0.2,1.86410056842768,29.5,"Microgravette_point","Lower Austria",1
"99","GrubKranawetberg_04_21","GrubKranawetberg",4,23,5.8,87,72,54,161,3,2,8.6,37,15.1,65,1.8,2.6,65,2.1,52,1.2,48,0,-0.4,1.90010557463573,29.5,"Microlithic_backed_point","Lower Austria",1
"100","GrubKranawetberg_04_22","GrubKranawetberg",6,36,6,177,76,82,215,4,2,10.2,28,26.7,74,2.6,4.4,73,1.8,29,2.5,36,0,-0.4,2.01229049754833,29.5,"Microlithic_backed_point","Lower Austria",1
"101","GrubKranawetberg_04_23","GrubKranawetberg",4,24,6,84,62,53,158,3,3,12.5,51,11.6,48,0.9,1.9,48,3,74,0.6,47,-0.4,0,1.90709242876234,29.5,"Triangle","Lower Austria",1
"102","GrubKranawetberg_04_24","GrubKranawetberg",3,21,7,62,71,48,129,4,3,11.4,54,10,47,0.9,2.5,81,1.2,40,2,49,0,0.2,1.86615931053326,29.5,"Microgravette_point","Lower Austria",1
"103","GrubKranawetberg_04_25","GrubKranawetberg",8,27,3.4,143,62,64,223,4,2,7.5,27,19.6,72,2.6,5.4,67,2.6,32,2.1,40,0.4,-0.9,1.95250014911146,29.5,"Microgravette_point","Lower Austria",1
"104","GrubKranawetberg_04_26","GrubKranawetberg",5,22,4.4,102,76,53,192,4,3,9.3,42,13.7,62,1.5,4.2,84,1.6,31,2.7,58,0.2,-0.2,1.91618857065873,29.5,"Microlithic_backed_point","Lower Austria",1
"105","GrubKranawetberg_04_27","GrubKranawetberg",5,26,5.2,100,70,60,166,4,3,13.2,50,13.7,52,1,3.9,77,1.4,28,2.8,46,0.4,0,1.90237966686735,29.5,"Oblique_retouched_microlithic_point","Lower Austria",1
"106","GrubKranawetberg_05_01","GrubKranawetberg",5,24,4.8,102,72,56,182,5,2,7,29,17.7,73,2.5,4.4,88,1,19,4.5,41,0.2,-0.7,1.96833621336933,29.5,"Microlithic_backed_point","Lower Austria",1
"107","GrubKranawetberg_05_02","GrubKranawetberg",6,24,4,108,67,56,192,1,2,9.4,39,15.3,63,1.6,0.9,14,5.4,90,0.2,46,-0.9,-0.6,1.98710246221852,29.5,"Microlithic_backed_point","Lower Austria",1
"108","GrubKranawetberg_05_03","GrubKranawetberg",3,17,5.7,45,69,40,112,3,3,9,53,8.8,51,1,1.9,61,1.6,53,1.2,49,0,0.1,1.89884600152261,29.5,"Microlithic_backed_point","Lower Austria",1
"109","GrubKranawetberg_05_04","GrubKranawetberg",4,21,5.2,76,76,48,158,2,3,9.1,43,12.5,59,1.4,1.5,37,3.1,77,0.5,56,-0.2,0.2,1.93175737992342,29.5,"Microlithic_backed_point","Lower Austria",1
"110","GrubKranawetberg_05_05","GrubKranawetberg",5,24,4.8,104,68,58,179,4,3,12.6,52,12.3,51,1,4.1,81,1.9,37,2.2,54,0,0,1.98421493244582,29.5,"Shouldered_point","Lower Austria",1
"111","GrubKranawetberg_05_06","GrubKranawetberg",5,18,3.6,66,67,42,157,2,2,5.9,32,12.5,69,2.1,2,39,3.2,64,0.6,43,-0.2,-0.6,1.9584543054124,29.5,"Microlithic_backed_point","Lower Austria",1
"112","GrubKranawetberg_05_07","GrubKranawetberg",10,30,3,209,66,73,286,1,3,15.7,52,14.4,48,0.9,1.6,16,8.4,83,0.2,57,-1.2,-0.5,1.90339362778949,29.5,"Microlithic_backed_point","Lower Austria",1
"113","GrubKranawetberg_05_08","GrubKranawetberg",4,22,5.5,74,68,51,145,3,3,11.2,51,11.1,50,1,2.2,55,2.3,58,0.9,48,-0.1,-0.1,1.94012230561235,29.5,"Microlithic_backed_point","Lower Austria",1
"114","GrubKranawetberg_05_09","GrubKranawetberg",5,19,3.8,80,68,46,173,3,3,8,42,11.4,59,1.4,3.1,61,2.8,56,1.1,58,0,0,1.95561376809954,29.5,"Symmetric_backed_point","Lower Austria",1
"115","GrubKranawetberg_05_10","GrubKranawetberg",5,19,3.8,84,66,46,182,3,3,8.5,44,11.1,58,1.3,2.5,49,3.3,66,0.7,64,-0.1,-0.1,1.9660391896157,29.5,"Microlithic_backed_point","Lower Austria",1
"116","GrubKranawetberg_05_11","GrubKranawetberg",4,19,4.8,65,73,44,147,3,3,7.8,40,11.6,61,1.5,2.5,61,2,49,1.2,51,0,-0.2,1.92836929901556,29.5,"Microgravette_point","Lower Austria",1
"117","GrubKranawetberg_05_12","GrubKranawetberg",4,23,5.8,88,70,54,162,2,3,11.7,50,12.2,53,1,1.5,37,3.2,80,0.5,54,-0.4,-0.1,1.95354770944596,29.5,"Microgravette_point","Lower Austria",1
"118","GrubKranawetberg_06_01","GrubKranawetberg",7,40,5.7,188,63,91,206,2,2,13.5,33,27.4,68,2,2.5,35,4.6,65,0.5,30,-0.4,-0.9,2.04199058169249,29.5,"Symmetric_backed_point","Lower Austria",1
"119","GrubKranawetberg_06_02","GrubKranawetberg",4,32,8,126,73,75,168,4,3,14.6,45,18.2,57,1.3,3,74,1.9,48,1.5,48,-0.2,0,1.97791584558189,29.5,"Microgravette_point","Lower Austria",1
"120","GrubKranawetberg_06_03","GrubKranawetberg",5,30,6,114,71,69,165,3,2,11.8,39,18.2,60,1.6,2.6,52,2.5,49,1.1,39,-0.2,0,1.8951478170212,29.5,"Microlithic_backed_point","Lower Austria",1
"121","GrubKranawetberg_06_04","GrubKranawetberg",5,25,5,107,73,57,187,4,2,7,28,18.1,72,2.6,4.4,87,1.2,24,3.6,46,0.2,-0.4,1.90977338351974,29.5,"Microgravette_point","Lower Austria",1
"122","GrubKranawetberg_06_05","GrubKranawetberg",3,18,6,51,68,43,118,4,3,10.4,57,8.4,46,0.8,2.3,76,1.6,52,1.4,48,-0.2,0.2,1.85387444823856,29.5,"Microlithic_backed_point","Lower Austria",1
"123","GrubKranawetberg_06_06","GrubKranawetberg",6,35,5.8,174,65,79,220,2,3,17.7,50,18.2,52,1,1.1,17,5.4,90,0.2,40,-0.5,-0.2,1.95077011255485,29.5,"Microlithic_backed_point","Lower Austria",1
"124","GrubKranawetberg_06_07","GrubKranawetberg",3,17,5.7,44,64,40,110,4,3,9.5,55,7.5,44,0.8,2.8,93,1.1,35,2.7,53,0.2,0.2,2.04873832485443,29.5,"Microgravette_point","Lower Austria",1
"125","GrubKranawetberg_06_08","GrubKranawetberg",3,18,6,47,67,41,114,4,3,9.3,51,9.6,53,1,2.3,76,1.1,35,2.2,45,0,-0.2,1.92395947486978,29.5,"Microlithic_backed_point","Lower Austria",1
"126","GrubKranawetberg_06_09","GrubKranawetberg",5,24,4.8,105,72,57,184,4,3,10,41,14.9,62,1.5,4,80,1.4,28,2.9,49,0,-0.2,1.91312810730201,29.5,"Microlithic_backed_point","Lower Austria",1
"127","GrubKranawetberg_06_10","GrubKranawetberg",3,21,7,48,60,47,102,3,3,10.7,50,10.5,50,1,1.2,40,1.9,64,0.6,37,-0.2,0,1.85246597560529,29.5,"Microgravette_point","Lower Austria",1
"128","GrubKranawetberg_06_11","GrubKranawetberg",5,22,4.4,91,66,52,175,4,3,12.3,55,10.5,47,0.9,4.2,84,1.2,24,3.4,55,0.2,-0.2,1.9213765312672,29.5,"Flechette","Lower Austria",1
"129","GrubKranawetberg_06_12","GrubKranawetberg",7,31,4.4,168,68,73,230,4,3,15.4,49,16.1,52,1,4.6,65,3,42,1.5,48,0,-0.4,1.95690498618621,29.5,"Microgravette_point","Lower Austria",1
"130","GrubKranawetberg_06_13","GrubKranawetberg",11,33,3,284,70,84,338,3,2,11.8,35,22.1,66,1.9,5.4,49,6.1,55,0.9,57,-0.2,-1.4,2.01126557549247,29.5,"Microgravette_point","Lower Austria",1
"131","GrubKranawetberg_06_14","GrubKranawetberg",5,28,5.6,115,71,65,176,4,3,14,50,14.4,51,1,4,80,1.4,28,2.9,45,0,-0.2,1.91032931594065,29.5,"Shouldered_point","Lower Austria",1
"132","GrubKranawetberg_06_15","GrubKranawetberg",6,40,6.7,179,68,88,203,3,4,24.2,60,16,39,0.7,3,49,3.2,52,0.9,50,0,0.7,2.01880921759279,29.5,"Microlithic_backed_point","Lower Austria",1
"133","GrubKranawetberg_06_16","GrubKranawetberg",8,22,2.8,130,59,56,232,3,2,8.4,38,14.2,64,1.7,5.1,63,3.9,48,1.3,62,0.2,-0.5,1.9804880019149,29.5,"Microgravette_point","Lower Austria",1
"134","GrubKranawetberg_06_17","GrubKranawetberg",4,21,5.2,75,67,48,156,4,3,9.5,45,11.6,55,1.2,3.2,78,1.6,39,2,50,0.2,-0.4,1.90015186850595,29.5,"Microgravette_point","Lower Austria",1
"135","Milovice1_01_01","Milovice1",6,40,6.7,197,80,89,221,4,4,24.4,60,16.3,40,0.7,4,66,2.1,34,1.9,52,0.1,0.1,1.87716186065497,29.9,"Microgravette_point","Moravia",2
"136","Milovice1_01_02","Milovice1",6,33,5.5,169,80,73,231,4,3,14.5,43,18.5,56,1.3,3.8,63,2.4,40,1.6,52,0.2,-0.1,1.99897782994822,29.9,"Microgravette_point","Moravia",2
"137","Milovice1_01_03","Milovice1",5,40,8,179,79,88,203,3,3,22.4,55,17.7,44,0.8,2.2,44,3.3,65,0.7,46,-0.1,0,1.86799836850603,29.9,"Microgravette_point","Moravia",2
"138","Milovice1_01_05","Milovice1",6,41,6.8,200,79,91,219,4,2,15.3,37,25.8,62,1.7,3.9,65,2.1,34,1.9,39,-0.1,0,1.87910623418576,29.9,"Microgravette_point","Moravia",2
"139","Milovice1_01_06","Milovice1",6,41,6.8,210,80,92,228,2,3,21,51,20.5,50,1,2.1,34,4.2,70,0.5,46,-0.5,0,1.88494788987861,29.9,"Point","Moravia",2
"140","Milovice1_01_07","Milovice1",5,28,5.6,113,74,65,173,3,2,10.3,36,18.4,65,1.8,2.4,47,2.8,55,0.8,44,-0.2,0,1.96926513397318,29.9,"Point","Moravia",1
"141","Milovice1_02_03","Milovice1",5,16,3.2,60,64,41,146,3,3,7.4,46,9.5,59,1.3,3.1,62,2.4,47,1.3,61,-0.1,-0.2,2.02499200185174,29.9,"Large_Point","Moravia",1
"142","Milovice1_02_04","Milovice1",19,67,3.5,957,74,155,617,4,3,33.4,49,33.7,50,1,11.8,61,7.3,38,1.6,58,0.5,-1.3,1.97455192381795,29.9,"Large_Point","Moravia",2
"143","Milovice1_02_06","Milovice1",16,88,5.5,1120,80,206,543,3,3,36.4,41,51.8,58,1.4,9.2,57,7.3,45,1.3,40,-0.8,-2.8,1.89698149858629,29.9,"Point","Moravia",2
"144","Milovice1_03_01","Milovice1",8,37,4.6,242,71,88,275,3,2,11,29,26.4,71,2.4,4.5,55,4.5,55,1,38,-0.1,-1.9,1.86524562596827,29.9,"Point","Moravia",2
"145","Milovice1_03_02","Milovice1",12,46,3.8,407,67,106,383,3,2,12.1,26,34.8,75,2.9,5.8,48,6.9,57,0.8,36,-0.2,-2.9,1.91774940302678,29.9,"Point","Moravia",2
"146","Milovice1_03_04","Milovice1",6,22,3.7,106,68,54,196,3,3,11,49,11.9,54,1.1,2.9,47,3.6,59,0.8,52,-0.2,-0.6,1.92165403115327,29.9,"Point","Moravia",1
"147","Milovice1_03_05","Milovice1",9,40,4.4,222,60,91,243,4,2,13,32,27.1,67,2.1,5.9,65,3.1,34,1.9,23,0.3,-2.4,1.86440995297806,29.9,"Point","Moravia",2
"148","Milovice1_03_06","Milovice1",10,45,4.5,320,65,108,296,3,2,11,24,34.5,76,3.1,5.7,56,5,50,1.1,32,0.2,-2.3,1.88747049349294,29.9,"Point","Moravia",2
"149","Milovice1_03_08","Milovice1",5,24,4.8,103,73,55,187,3,3,9.7,40,14.4,59,1.5,2.7,53,3.3,66,0.8,57,0,0.2,1.90722118148275,29.9,"Point","Moravia",1
"150","Milovice1_03_09","Milovice1",6,22,3.7,89,65,51,174,3,2,8.2,37,13.9,63,1.7,3.3,54,2.9,47,1.1,48,-0.1,-0.4,1.91518434835,29.9,"Non_backed_microlith","Moravia",1
"151","Milovice1_03_10","Milovice1",12,52,4.3,450,64,120,375,3,3,21.2,40,31,59,1.5,6.8,56,6.1,51,1.1,38,-0.1,-1.7,1.92255222545583,29.9,"Non_backed_microlith","Moravia",2
"152","Pavlov1_01_01","Pavlov1",5,20,4,74,67,48,154,5,3,11,54,9.8,49,0.9,4.9,97,0.4,7,12.9,49,0.5,0.1,1.94407234786433,30.7,"Non_backed_microlith","Moravia",1
"153","Pavlov1_01_02","Pavlov1",5,18,3.6,73,66,44,165,4,3,9.8,54,8.4,46,0.9,4.7,94,0.7,14,6.7,51,0.1,-0.8,1.97353886669153,30.7,"Non_backed_microlith","Moravia",1
"154","Pavlov1_01_03","Pavlov1",4,16,4,55,70,37,148,2,4,10.4,64,5.9,36,0.6,1.1,28,3.6,91,0.3,80,-0.3,0.7,1.93146445390132,30.7,"Non_backed_microlith","Moravia",1
"155","Pavlov1_01_04","Pavlov1",5,20,4,80,69,47,170,2,4,12.7,63,7.8,38,0.6,1.5,29,4,79,0.4,75,-0.3,0.5,1.95925668583421,30.7,"Non_backed_microlith","Moravia",2
"156","Pavlov1_01_05","Pavlov1",5,26,5.2,102,65,61,167,1,3,11.8,45,14.6,56,1.2,0,0,5.2,103,0,41,-0.4,-0.5,2.03568458586415,30.7,"Non_backed_microlith","Moravia",2
"157","Pavlov1_01_06","Pavlov1",8,27,3.4,187,70,69,271,4,3,12.4,45,15.6,57,1.3,7.3,91,1.6,19,4.6,58,0.3,-0.8,1.92341673605958,30.7,"Non_backed_microlith","Moravia",2
"158","Pavlov1_01_07","Pavlov1",5,26,5.2,105,75,61,172,5,2,10.3,39,16.6,63,1.6,4.8,96,0.6,11,8.1,39,0.4,-0.4,1.8928067752644,30.7,"Non_backed_microlith","Moravia",1
"159","Pavlov1_01_08","Pavlov1",4,18,4.5,65,76,42,154,5,4,11.1,61,7.1,39,0.6,4.2,104,0.5,12,8.6,64,0.2,0.1,1.92684088102835,30.7,"Non_backed_microlith","Moravia",1
"160","Pavlov1_02_01","Pavlov1",6,22,3.7,104,71,53,196,1,3,12,54,10.8,48,0.9,0.7,12,5.7,94,0.1,62,-0.7,0.2,1.90244874612379,30.7,"Non_backed_microlith","Moravia",2
"161","Pavlov1_02_02","Pavlov1",7,27,3.9,146,73,65,224,1,3,14.1,52,13.1,48,0.9,1.3,18,5.9,84,0.2,54,-0.2,-0.5,1.91586145376383,30.7,"Non_backed_microlith","Moravia",2
"162","Pavlov1_02_03","Pavlov1",5,17,3.4,69,63,44,156,2,3,9.3,54,8.6,50,0.9,0.6,12,4.7,94,0.1,55,-0.2,-0.3,2.00939241712906,30.7,"Non_backed_microlith","Moravia",2
"163","Pavlov1_02_04","Pavlov1",5,16,3.2,63,70,41,153,5,2,5.8,36,10.8,67,1.9,4.5,89,0.6,12,6.9,60,0.3,0.1,1.98737697993821,30.7,"Backed_implements","Moravia",1
"164","Pavlov1_02_05","Pavlov1",6,23,3.8,106,70,55,192,5,3,11.4,49,11.9,51,1,5.6,94,0.6,9,10.1,49,0.5,-0.5,1.89924281544447,30.7,"Backed_implements","Moravia",2
"165","Pavlov1_05_01","Pavlov1",6,30,5,145,71,69,210,4,3,15.7,52,14.4,47,0.9,4.7,77,1.8,30,2.5,49,0.1,-0.6,1.99974541663798,30.7,"Non_backed_microlith","Moravia",1
"166","Pavlov1_05_02","Pavlov1",5,20,4,80,65,51,156,1,3,11.1,55,9.2,46,0.8,1.1,21,4.7,94,0.2,54,-0.4,0.1,1.90957861014479,30.7,"Non_backed_microlith","Moravia",1
"167","Pavlov1_05_03","Pavlov1",5,19,3.8,76,66,46,165,4,3,9.5,50,10.1,53,1.1,4.4,87,1.2,24,3.6,56,0.3,0.2,1.90926200307222,30.7,"Non_backed_microlith","Moravia",1
"168","Pavlov1_05_04","Pavlov1",5,18,3.6,74,70,44,168,4,2,7.1,39,11.5,64,1.6,4.3,85,1.1,21,4,53,0.3,-0.2,1.90005920578687,30.7,"Non_backed_microlith","Moravia",1
"169","Pavlov1_05_05","Pavlov1",5,20,4,88,71,49,179,1,3,10.8,54,9.2,46,0.9,0.7,13,5.2,103,0.1,62,-0.5,-0.1,1.91401162444979,30.7,"Non_backed_microlith","Moravia",1
"170","Pavlov1_05_06","Pavlov1",5,19,3.8,79,68,46,171,4,3,9.3,49,10.2,53,1.1,4.4,87,1.3,25,3.4,63,0.5,-0.2,1.90835338367363,30.7,"Non_backed_microlith","Moravia",1
"171","Pavlov1_05_07","Pavlov1",4,19,4.8,68,71,44,154,5,3,10.5,55,8.7,45,0.8,4.3,106,0.5,13,8,58,0.3,-0.1,1.88708669165448,30.7,"Non_backed_microlith","Moravia",1
"172","Pavlov1_05_08","Pavlov1",7,22,3.1,117,73,55,212,2,4,15.2,69,7.4,33,0.5,1.5,21,5.6,79,0.3,88,-0.5,0.5,1.93701735219603,30.7,"Non_backed_microlith","Moravia",1
"173","Pavlov1_05_09","Pavlov1",4,16,4,55,64,39,141,5,3,8.9,55,7.3,45,0.8,4.4,110,0.4,9,11.6,69,0.2,0.5,2.01992888086949,30.7,"Non_backed_microlith","Moravia",1
"174","Pavlov1_05_10","Pavlov1",4,15,3.8,57,67,41,139,1,3,8.5,56,7.5,49,0.9,0.5,11,4.3,106,0.1,75,-0.2,0.5,2.01702756761339,30.7,"Non_backed_microlith","Moravia",1
"175","Pavlov1_05_11","Pavlov1",5,17,3.4,67,70,42,159,5,2,5.6,33,12.1,71,2.1,4.8,96,0.3,6,15.8,45,0.3,-0.6,2.04531365973498,30.7,"Non_backed_microlith","Moravia",1
"176","Pavlov1_05_12","Pavlov1",6,26,4.3,129,72,61,211,2,4,18.8,72,7.3,27,0.4,1.2,20,5.2,86,0.2,113,-0.5,1.4,1.93218956619711,30.7,"Non_backed_microlith","Moravia",2
"177","Pavlov1_05_13","Pavlov1",6,21,3.5,98,67,52,188,4,3,10.5,50,11.4,54,1.1,4.9,81,1.4,22,3.6,56,0.4,-0.2,1.92572661657953,30.7,"Non_backed_microlith","Moravia",1
"178","Pavlov1_05_14","Pavlov1",7,23,3.3,115,68,57,201,5,3,12.1,52,11.3,49,0.9,5.7,81,1.4,19,4.2,61,0.4,-0.2,1.94008537520625,30.7,"Non_backed_microlith","Moravia",1
"179","Pavlov1_05_15","Pavlov1",5,23,4.6,89,68,53,167,5,3,12.7,55,11,47,0.9,4.9,97,0.5,9,10.7,43,0.5,-0.6,1.89783031335004,30.7,"Non_backed_microlith","Moravia",1
"180","Pavlov1_05_16","Pavlov1",8,23,2.9,132,70,57,231,5,3,10.9,47,12.4,54,1.1,7,87,1,12,7.1,59,0.7,-0.2,1.96135460484436,30.7,"Non_backed_microlith","Moravia",1
"181","Pavlov1_05_17","Pavlov1",5,15,3,60,72,38,157,4,2,4.7,31,10.7,71,2.3,3.5,70,1.6,32,2.2,67,0.2,-0.2,2.0154491039756,30.7,"Non_backed_microlith","Moravia",1
"182","Pavlov1_05_18","Pavlov1",5,17,3.4,79,73,42,188,4,2,6.3,37,11.2,66,1.8,4.7,94,1.2,24,3.9,61,0.2,-0.2,2.04550766011183,30.7,"Non_backed_microlith","Moravia",1
"183","Pavlov1_05_19","Pavlov1",8,28,3.5,174,67,68,255,1,3,15.5,55,12.9,46,0.8,1.3,16,7.6,95,0.2,62,-0.7,0.5,1.97994581331827,30.7,"Non_backed_microlith","Moravia",2
"184","Pavlov1_05_20","Pavlov1",8,28,3.5,186,69,70,265,2,4,17.5,62,11.3,40,0.6,2.1,25,6.9,85,0.3,79,-0.8,0.3,1.98140638604638,30.7,"Non_backed_microlith","Moravia",2
"185","Pavlov1_05_21","Pavlov1",5,19,3.8,70,60,46,152,4,2,7.3,38,12.1,63,1.7,4.6,91,0.8,16,5.5,53,0.5,-0.2,1.91418483040094,30.7,"Non_backed_microlith","Moravia",1
"186","Pavlov1_05_22","Pavlov1",7,29,4.1,163,65,70,232,1,4,18.5,63,10.6,36,0.6,0,0,7.9,112,0,64,-0.8,0.9,1.96379703470901,30.7,"Non_backed_microlith","Moravia",2
"187","Pavlov1_05_23","Pavlov1",5,20,4,81,72,49,165,4,3,8.2,41,12.4,61,1.5,3.7,73,1.5,29,2.5,50,0.2,-0.2,1.89292408542162,30.7,"Non_backed_microlith","Moravia",1
"188","Pavlov1_05_24","Pavlov1",5,20,4,88,72,50,176,2,4,14.6,72,6.4,32,0.4,1.4,27,4.2,83,0.3,99,-0.3,0.6,1.90398246017973,30.7,"Non_backed_microlith","Moravia",1
"189","Pavlov1_05_25","Pavlov1",6,19,3.2,74,60,46,160,4,2,6.4,33,12.6,66,2,4,67,2,33,2,54,0.5,-0.5,1.92295023706153,30.7,"Non_backed_microlith","Moravia",1
"190","Pavlov1_05_26","Pavlov1",5,19,3.8,81,73,46,176,2,4,13,68,6.6,34,0.5,1.2,24,4.4,88,0.3,79,-0.5,0.5,1.90150600949619,30.7,"Non_backed_microlith","Moravia",1
"191","Pavlov1_06_01","Pavlov1",6,20,3.3,97,74,48,202,4,2,7.4,36,12.9,64,1.8,4.3,70,2.2,36,1.9,57,0.2,-0.1,1.95201944226184,30.7,"Non_backed_microlith","Moravia",1
"192","Pavlov1_06_02","Pavlov1",5,21,4.2,86,65,52,165,5,2,6.3,29,15.3,72,2.4,5.3,105,0.5,10,10.2,43,0.6,-0.8,1.935972540429,30.7,"Non_backed_microlith","Moravia",1
"193","Pavlov1_06_03","Pavlov1",6,26,4.3,117,69,60,195,4,2,7.5,28,18.6,71,2.5,5,82,1.3,21,3.8,45,0.5,-0.6,1.94752379587959,30.7,"Non_backed_microlith","Moravia",1
"194","Pavlov1_06_04","Pavlov1",7,26,3.7,143,71,62,230,2,3,11.6,44,15.1,58,1.3,2.1,30,5,71,0.4,59,-0.3,-0.5,1.97423509992376,30.7,"Non_backed_microlith","Moravia",2
"195","Pavlov1_06_05","Pavlov1",6,22,3.7,111,75,54,205,1,4,15.9,72,6.8,31,0.4,0.9,15,5.5,92,0.2,90,-0.5,0.6,1.94873858223387,30.7,"Non_backed_microlith","Moravia",2
"196","Pavlov1_06_07","Pavlov1",6,20,3.3,103,76,50,206,5,2,7.3,36,13.5,67,1.9,5.5,91,0.6,9,9.4,61,0.3,0,1.94961387329003,30.7,"Non_backed_microlith","Moravia",1
"197","Pavlov1_07_01","Pavlov1",5,20,4,78,65,49,159,4,3,8.7,43,11.7,58,1.3,3.9,78,1.4,28,2.8,42,0,-0.9,1.90219547244429,30.7,"Non_backed_microlith","Moravia",1
"198","Pavlov1_07_02","Pavlov1",5,25,5,103,70,60,171,4,2,8.3,33,17,68,2,3.9,77,1.8,36,2.1,40,0.2,-0.9,1.89784178212064,30.7,"Backed_implements","Moravia",1
"199","Pavlov1_07_04","Pavlov1",7,40,5.7,219,70,92,238,4,4,25.4,63,15,37,0.6,5.1,73,2,28,2.6,47,0.2,-0.9,1.89624929400773,30.7,"Non_backed_microlith","Moravia",2
"200","Pavlov1_07_05","Pavlov1",6,42,7,216,83,102,211,3,3,22.5,53,19.8,47,0.9,2.4,40,3.9,64,0.6,48,0.2,-0.7,1.86503166754,30.7,"Non_backed_microlith","Moravia",2
"201","Pavlov1_08_01","Pavlov1",5,15,3,59,66,39,151,5,3,8.3,55,7.1,47,0.9,5.4,108,0.1,1,62.5,55,0.5,-0.1,1.97994319212935,30.7,"Non_backed_microlith","Moravia",1
"202","Pavlov1_08_02","Pavlov1",5,15,3,61,74,38,160,5,4,10,66,5.6,37,0.6,4.4,88,0.8,15,5.7,78,0.4,-0.1,1.98394878957629,30.7,"Non_backed_microlith","Moravia",1
"203","Pavlov1_08_03","Pavlov1",5,17,3.4,65,69,42,154,5,2,6.7,39,11,64,1.6,4.3,86,1,19,4.5,53,0.4,-0.2,1.98403014705901,30.7,"Non_backed_microlith","Moravia",1
"204","Pavlov1_08_04","Pavlov1",5,19,3.8,73,66,46,158,2,2,7.4,38,11.7,61,1.6,1.3,26,3.9,77,0.3,48,-0.2,-0.4,1.99292537077618,30.7,"Non_backed_microlith","Moravia",2
"205","Pavlov1_08_05","Pavlov1",5,18,3.6,73,63,45,162,1,3,9.6,53,9,50,0.9,0.2,4,5.6,111,0,59,-0.5,0.3,2.00969418121825,30.7,"Non_backed_microlith","Moravia",2
"206","Pavlov1_09_01","Pavlov1",4,20,5,69,68,47,146,5,2,6.7,33,13.6,67,2,4.1,102,0.8,19,5.3,43,0.3,-0.3,1.97244392489598,30.7,"Non_backed_microlith","Moravia",1
"207","Pavlov1_09_02","Pavlov1",6,24,4,118,68,60,196,5,2,6.7,27,18,75,2.7,5.8,97,0.6,10,9.6,44,0.3,-1,1.91364793332234,30.7,"Bilaterally_retouched_pointed_blade","Moravia",2
"208","Pavlov1_09_03","Pavlov1",6,26,4.3,131,65,63,207,5,2,8.3,31,18.2,70,2.2,6.9,115,0,0,160,42,0.3,-0.9,1.92609058411806,30.7,"Bilaterally_retouched_pointed_blade","Moravia",2
"209","Petrkovice1a_01_02","Petrkovice1a",15,51,3.4,579,69,121,478,3,3,26,51,25.2,49,1,7.5,50,7.8,52,1,60,-0.2,-1,2.01876009310946,27.5,"Shouldered_point","Moravia",2
"210","Petrkovice1a_01_03","Petrkovice1a",16,58,3.6,692,67,139,497,3,3,26.2,45,32.2,55,1.2,7.4,46,9.4,58,0.8,54,0.5,-0.6,1.91008327081327,27.5,"Point","Moravia",2
"211","Petrkovice1a_01_04","Petrkovice1a",13,38,2.9,379,73,94,403,3,2,8.7,22,29.5,77,3.4,7.4,57,5.6,43,1.3,57,0.2,-1.8,1.96745806129864,27.5,"Bilaterally_retouched_pointed_blade","Moravia",1
"212","Petrkovice1a_01_10","Petrkovice1a",5,35,7,149,70,77,193,5,2,10,28,25.1,71,2.5,4.7,94,0.9,17,5.5,34,0,-0.6,1.93027733190034,27.5,"Bilaterally_retouched_pointed_blade","Moravia",1
"213","Petrkovice1a_01_11","Petrkovice1a",4,21,5.2,68,66,50,136,3,2,7.6,36,14.1,67,1.8,2.6,64,2,51,1.3,35,0,-0.9,1.96173696857156,27.5,"Microgravette_point","Moravia",1
"214","Petrkovice1a_01_13","Petrkovice1a",5,32,6.4,134,68,76,176,4,2,11.3,35,21.6,67,1.9,4.4,88,1.1,21,4.1,30,0.3,-1.3,1.92871179461562,27.5,"Bilaterally_retouched_pointed_blade","Moravia",1
"215","Petrkovice1a_01_14","Petrkovice1a",4,28,7,105,62,65,161,4,2,10.5,37,18.4,65,1.7,4.2,104,0.6,16,6.5,28,0.1,-1.6,1.8496258347993,27.5,"Microgravette_point","Moravia",1
"216","Petrkovice1a_01_16","Petrkovice1a",4,31,7.8,107,57,72,148,5,2,7.7,24,24.1,77,3.1,4.6,115,0.2,5,21.5,25,-0.2,-0.9,1.92473651494357,27.5,"Saw","Moravia",1
"217","Predmosti1b_01_02","Predmosti1b",14,63,4.5,648,68,151,429,3,3,30.8,48,33.1,52,1.1,7.2,51,7.1,50,1,48,0.1,-0.8,1.86390866623046,30.9,"Awl","Moravia",2
"218","Predmosti1b_01_06","Predmosti1b",19,76,4,1030,68,176,585,3,2,25,32,51.8,68,2.1,11,57,8.1,42,1.4,39,0.2,-3.2,1.90249961508632,30.9,"Point_on_curved_axis","Moravia",2
"219","Predmosti1b_01_07","Predmosti1b",7,34,4.9,186,67,82,226,3,1,6.4,18,27.9,81,4.4,3.1,44,4.4,62,0.7,32,-0.5,-2.1,1.88001013226305,30.9,"Gravette_point","Moravia",1
"220","Predmosti1b_01_08","Predmosti1b",6,27,4.5,114,66,62,183,5,2,9.5,35,17.9,66,1.9,5.9,97,0.2,4,23.5,34,0.5,-0.8,1.98080519277955,30.9,"Awl","Moravia",1
"221","Predmosti1b_01_09","Predmosti1b",7,42,6,227,70,98,231,3,3,20.4,48,22.1,52,1.1,3.4,48,4,57,0.8,39,-0.2,-0.8,1.93993293326564,30.9,"Awl","Moravia",1
"222","Predmosti1b_01_10","Predmosti1b",9,41,4.6,303,72,95,318,3,2,16.5,40,25.2,61,1.5,4.8,52,4.9,54,1,48,-0.2,-1,1.91458632140564,30.9,"Gravette_point","Moravia",1
"223","Predmosti1b_01_14","Predmosti1b",12,37,3.1,288,60,92,313,3,3,22.1,59,15.4,41,0.7,7,58,5.1,42,1.4,54,0.6,-0.8,1.93198449056891,30.9,"Gravette_point","Moravia",1
"224","Predmosti1b_01_15","Predmosti1b",7,39,5.6,227,72,87,260,4,2,13.8,35,25.2,64,1.8,5.5,78,2.4,33,2.3,36,0.1,-1.2,1.95465124380929,30.9,"Gravette_point","Moravia",1
"225","Predmosti1b_01_16","Predmosti1b",15,56,3.7,632,71,132,478,4,2,22.1,39,34.8,62,1.6,9.1,60,6,40,1.5,49,-0.1,-1.5,1.98638633013257,30.9,"Notched_piece","Moravia",2
"226","Predmosti1b_01_17","Predmosti1b",9,45,5,312,70,107,291,3,3,24,53,21.4,47,0.9,5.6,62,4,44,1.4,47,0.1,-1,1.9036464940788,30.9,"Awl","Moravia",1
"227","Predmosti1b_01_19","Predmosti1b",10,34,3.4,224,63,79,283,3,2,11.8,34,22.4,65,1.9,5.8,57,4.5,45,1.3,44,0,-1,1.92111104127584,30.9,"Gravette_point","Moravia",1
"228","Predmosti1b_01_20","Predmosti1b",9,45,5,286,69,102,280,3,3,22.8,50,22.6,50,1,5,55,4,44,1.2,43,0.4,-0.6,1.97022666526971,30.9,"Awl","Moravia",1
"229","Predmosti1b_01_21","Predmosti1b",9,39,4.3,284,71,90,315,3,2,11.8,30,27.8,71,2.4,4.8,52,5.1,56,0.9,43,-0.4,-1.8,1.91932487141087,30.9,"Awl","Moravia",1
"230","Predmosti1b_01_22","Predmosti1b",11,34,3.1,261,65,81,322,3,2,13.4,39,20.8,61,1.6,5.8,52,5.8,52,1,50,0,-1.2,1.91763564496796,30.9,"Microlith","Moravia",1
"231","Predmosti1b_01_23","Predmosti1b",8,44,5.5,310,76,103,300,3,2,13.1,29,31.4,71,2.4,4.2,53,4.4,54,1,48,-0.1,-0.6,1.97383403660779,30.9,"Microgravette_point","Moravia",1
"232","Willendorf5_01_01","Willendorf5",4,30,7.5,100,71,66,151,4,2,11.4,37,18.6,62,1.6,3.4,86,0.7,17,5,35,0.1,-0.3,1.9192262117304,31.5,"Microgravette_point","Lower Austria",1
"233","Willendorf5_01_03","Willendorf5",4,15,3.8,48,72,36,133,2,3,6.9,45,8.8,58,1.3,1.4,34,2.8,68,0.5,62,-0.3,0,1.97123767060528,31.5,"Microgravette_point","Lower Austria",1
"234","Willendorf5_01_05","Willendorf5",5,25,5,104,69,60,173,5,3,11.9,47,13.8,55,1.2,5,100,0.5,10,9.7,45,0.4,-0.9,1.88763199177127,31.5,"Microgravette_point","Lower Austria",1
"235","Willendorf5_01_06","Willendorf5",3,17,5.7,52,80,43,120,3,3,8.4,49,9.5,55,1.1,1.6,51,2,66,0.8,51,-0.1,-0.6,1.952355514695,31.5,"Microlith","Lower Austria",1
"236","Willendorf5_01_07","Willendorf5",3,14,4.7,38,69,33,115,4,3,6.6,46,8.1,57,1.2,2.9,97,0.5,17,5.7,53,0.1,0,1.95954709699874,31.5,"Microgravette_point","Lower Austria",1
"237","Willendorf5_01_08","Willendorf5",4,25,6.2,88,73,58,151,3,3,11.6,46,13.8,55,1.2,2,49,2.7,66,0.7,39,-0.2,-0.6,1.93083497463163,31.5,"Microgravette_point","Lower Austria",1
"238","Willendorf5_01_09","Willendorf5",3,22,7.3,51,73,49,104,4,2,7.8,35,14.6,66,1.9,2.2,71,0.9,28,2.5,31,0,-0.4,1.8654374827665,31.5,"Double_backed_point","Lower Austria",1
"239","Willendorf5_01_10","Willendorf5",4,17,4.2,59,68,40,147,4,3,7.4,43,9.9,58,1.3,3.7,92,1,25,3.6,54,0.3,-0.2,2.00537940694244,31.5,"Microlith","Lower Austria",1
"240","Willendorf5_01_11","Willendorf5",3,17,5.7,57,77,41,139,3,3,9.7,57,8.1,47,0.8,2.2,74,1.7,57,1.3,60,0,-0.2,1.97567422809143,31.5,"Microgravette_point","Lower Austria",1
"241","Willendorf5_01_12","Willendorf5",3,18,6,57,75,41,139,3,4,11.3,62,7.4,41,0.7,2.2,74,1.6,54,1.4,54,0.1,-0.2,1.97108646386635,31.5,"Microlith","Lower Austria",1
"242","Willendorf5_01_14","Willendorf5",5,26,5.2,113,74,60,188,4,3,13.4,51,13.1,50,1,3.9,77,1.4,27,2.8,54,0.3,-0.3,1.87711556168414,31.5,"Microgravette_point","Lower Austria",1
"243","Willendorf5_01_15","Willendorf5",3,24,8,66,79,54,122,3,3,10.4,43,14.1,58,1.4,1.4,45,2,66,0.7,33,-0.2,-0.7,1.87238110762429,31.5,"Microlith","Lower Austria",1
"244","Willendorf5_01_16","Willendorf5",5,29,5.8,111,68,66,168,5,3,16.6,57,12.8,43,0.8,5,100,0.2,3,29,44,0.3,0,1.9515303046038,31.5,"Microgravette_point","Lower Austria",1
"245","Willendorf5_01_18","Willendorf5",4,28,7,109,73,63,173,4,3,17,60,11.7,41,0.7,3.8,94,1.1,28,3.4,49,0.3,0,1.9393424927054,31.5,"Microgravette_point","Lower Austria",1
"246","Willendorf5_01_20","Willendorf5",4,26,6.5,91,79,60,151,5,4,16.2,62,10.6,40,0.7,3.8,94,0.3,6,14.7,47,0.2,-0.7,1.90548294754798,31.5,"Retouched_blade","Lower Austria",1
"247","Willendorf6_01_03","Willendorf6",7,59,8.4,366,70,130,281,4,2,21,35,38.4,65,1.8,6.5,93,1.5,20,4.5,32,0.3,0,1.9268843188644,30.5,"Microgravette_point","Lower Austria",2
"248","Willendorf6_01_05","Willendorf6",6,36,6,180,64,82,219,2,2,12.7,35,23.7,65,1.9,1.6,26,5.1,84,0.3,41,-0.1,-0.6,1.91681248820257,30.5,"Bifacial_point","Lower Austria",2
"249","Willendorf6_01_06","Willendorf6",6,29,4.8,151,83,67,225,4,1,3.8,13,25.3,87,6.6,4.4,72,2.4,40,1.8,37,0.3,-1.9,2.00709775792905,30.5,"Blade_with_Aurignacian_retouch","Lower Austria",2
"250","Willendorf6_01_09","Willendorf6",7,37,5.3,198,65,85,232,2,2,14.2,38,23.5,63,1.6,1.4,19,5.8,83,0.2,43,-0.2,-0.6,1.92046564471496,30.5,"Blade_with_endretouch","Lower Austria",2
"251","Willendorf6_01_12","Willendorf6",9,64,7.1,418,70,147,284,2,4,38.8,60,25.7,40,0.7,3.1,33,6,66,0.5,37,-0.2,0.2,1.93096046410094,30.5,"Pointed_blade","Lower Austria",2
"252","Willendorf7_01_03","Willendorf7",4,33,8.2,122,71,73,167,2,2,12.5,37,20.7,62,1.7,1.9,47,2.9,73,0.7,35,-0.1,-0.2,1.91215737099998,30,"Retouched_blade","Lower Austria",1
"253","Willendorf7_01_08","Willendorf7",4,27,6.8,95,72,61,155,4,2,10.2,37,17,62,1.7,3.5,88,1.3,32,2.7,38,0.3,-0.6,1.91014360337709,30,"Microgravette_point","Lower Austria",1
"254","Willendorf7_01_10","Willendorf7",4,32,8,127,73,75,169,4,3,17.5,54,15.2,47,0.9,3.6,90,1.3,32,2.8,46,0.1,0,1.91639223668804,30,"Point_on_mousterian_flake","Lower Austria",1
"255","Willendorf7_01_17","Willendorf7",3,26,8.7,85,72,63,134,4,2,8,30,18.9,72,2.4,2.8,94,1.1,37,2.5,34,0.2,-0.4,1.89436630501423,30,"Pointed_blade","Lower Austria",1
"256","Willendorf8_01_03","Willendorf8",2,16,8,31,74,36,86,2,3,7.5,47,8.8,55,1.2,1.2,58,1.6,77,0.7,44,-0.4,-0.5,1.84637220979832,29.6,"Retouched_bladelet","Lower Austria",1
"257","Willendorf8_01_17","Willendorf8",5,19,3.8,79,73,48,164,5,3,8.3,43,10.9,57,1.3,4.9,98,0.8,15,6.3,48,0.5,-1,1.96132364426001,29.6,"Microlith","Lower Austria",1
"258","Willendorf8_01_18","Willendorf8",5,38,7.6,177,77,89,198,3,3,16.5,43,22.3,58,1.4,2.9,57,2.9,57,1,44,0,0.1,1.89316927779609,29.6,"Microlith","Lower Austria",1
"259","Willendorf8_01_26","Willendorf8",7,33,4.7,177,70,80,221,5,2,13,39,20.3,61,1.6,6.4,90,0.8,11,8.2,43,0.1,-0.6,1.86682718678862,29.6,"Retouched_blade","Lower Austria",1
"260","Willendorf9_01_06","Willendorf9",11,53,4.8,483,64,127,380,3,2,14.8,27,39,73,2.6,3.7,34,7.7,70,0.5,38,-0.1,-2.5,1.98271650559952,29.1,"Shouldered_point","Lower Austria",2
"261","Willendorf9_01_12","Willendorf9",6,47,7.8,230,70,104,221,3,2,18.5,39,28.9,61,1.6,3.6,60,2.7,45,1.3,32,-0.1,-0.3,1.9463177624221,29.1,"Atypical_shouldered_point","Lower Austria",1
"262","Willendorf9_01_15","Willendorf9",11,30,2.7,235,67,75,313,3,3,14.3,47,15.9,53,1.1,6.1,55,5.1,46,1.2,60,0.5,-1.5,1.9362438048362,29.1,"Retouched_blade","Lower Austria",1
"263","Willendorf9_01_18","Willendorf9",9,39,4.3,268,67,91,294,3,4,27.3,69,12,30,0.4,5.1,56,4.8,53,1.1,58,-0.2,0,1.93245199383439,29.1,"Retouched_blade","Lower Austria",1
"264","Willendorf9_01_21","Willendorf9",11,42,3.8,380,69,101,376,2,4,30.1,71,11.9,28,0.4,5,45,6.4,57,0.8,77,0.3,-1.1,1.9722373885306,29.1,"Atypical_shouldered_point","Lower Austria",1
"265","Willendorf9_01_25","Willendorf9",8,30,3.8,191,68,73,261,4,3,13.2,43,17.6,58,1.3,6.1,76,2.3,28,2.7,59,0.2,-0.3,1.91340237118768,29.1,"Microlith","Lower Austria",1
"266","Willendorf9_01_27","Willendorf9",2,16,8,32,58,36,88,3,3,6.9,43,9.1,56,1.3,1.6,79,1.4,68,1.2,28,-0.1,-1,1.90870808772812,29.1,"Point_on_flake","Lower Austria",1
"267","Willendorf9_01_30","Willendorf9",11,45,4.1,391,75,108,362,4,2,15.7,34,29.7,65,1.9,6.8,61,4.4,40,1.5,49,0.2,-1.6,1.94829330201283,29.1,"Retouched_crested_blade","Lower Austria",1
